state,city,month,temp.f
AK,ANCHORAGE,1,15.8
AK,ANCHORAGE,2,18.7
AK,ANCHORAGE,3,25.9
AK,ANCHORAGE,4,36.3
AK,ANCHORAGE,5,46.9
AK,ANCHORAGE,6,54.7
AK,ANCHORAGE,7,58.4
AK,ANCHORAGE,8,56.4
AK,ANCHORAGE,9,48.2
AK,ANCHORAGE,10,34.1
AK,ANCHORAGE,11,21.8
AK,ANCHORAGE,12,17.5
AK,ANNETTE,1,35.1
AK,ANNETTE,2,37.1
AK,ANNETTE,3,39.5
AK,ANNETTE,4,43.8
AK,ANNETTE,5,49.4
AK,ANNETTE,6,54.3
AK,ANNETTE,7,58.2
AK,ANNETTE,8,58.6
AK,ANNETTE,9,53.8
AK,ANNETTE,10,46.5
AK,ANNETTE,11,39.7
AK,ANNETTE,12,36.4
AK,BARROW,1,-13.7
AK,BARROW,2,-15.9
AK,BARROW,3,-13.7
AK,BARROW,4,-0.5
AK,BARROW,5,20.1
AK,BARROW,6,35
AK,BARROW,7,40.4
AK,BARROW,8,38.7
AK,BARROW,9,31.2
AK,BARROW,10,14.6
AK,BARROW,11,-0.9
AK,BARROW,12,-10.6
AK,BETHEL,1,6.6
AK,BETHEL,2,7.6
AK,BETHEL,3,14.5
AK,BETHEL,4,25.9
AK,BETHEL,5,41.3
AK,BETHEL,6,51.4
AK,BETHEL,7,56
AK,BETHEL,8,53.6
AK,BETHEL,9,45.4
AK,BETHEL,10,30
AK,BETHEL,11,17.4
AK,BETHEL,12,9.4
AK,FAIRBANKS,1,-9.7
AK,FAIRBANKS,2,-3.8
AK,FAIRBANKS,3,11.1
AK,FAIRBANKS,4,31.7
AK,FAIRBANKS,5,48.8
AK,FAIRBANKS,6,59.7
AK,FAIRBANKS,7,62.4
AK,FAIRBANKS,8,56.2
AK,FAIRBANKS,9,44.5
AK,FAIRBANKS,10,23.5
AK,FAIRBANKS,11,2.3
AK,FAIRBANKS,12,-5.9
AK,HOMER,1,23.4
AK,HOMER,2,24.9
AK,HOMER,3,29.4
AK,HOMER,4,36.4
AK,HOMER,5,43.7
AK,HOMER,6,50
AK,HOMER,7,54.1
AK,HOMER,8,53.8
AK,HOMER,9,47.9
AK,HOMER,10,37.8
AK,HOMER,11,29.4
AK,HOMER,12,25.8
AK,JUNEAU,1,25.7
AK,JUNEAU,2,28.9
AK,JUNEAU,3,33.7
AK,JUNEAU,4,40.8
AK,JUNEAU,5,47.9
AK,JUNEAU,6,53.9
AK,JUNEAU,7,56.8
AK,JUNEAU,8,55.7
AK,JUNEAU,9,50
AK,JUNEAU,10,42.3
AK,JUNEAU,11,33.3
AK,JUNEAU,12,28.7
AK,KING SALMON,1,15.4
AK,KING SALMON,2,15.6
AK,KING SALMON,3,23.5
AK,KING SALMON,4,33.1
AK,KING SALMON,5,43.5
AK,KING SALMON,6,50.9
AK,KING SALMON,7,55.7
AK,KING SALMON,8,54.8
AK,KING SALMON,9,47.6
AK,KING SALMON,10,33.3
AK,KING SALMON,11,23.2
AK,KING SALMON,12,17.2
AK,KODIAK,1,29.7
AK,KODIAK,2,29.9
AK,KODIAK,3,32.6
AK,KODIAK,4,37.3
AK,KODIAK,5,43.5
AK,KODIAK,6,49.2
AK,KODIAK,7,54.1
AK,KODIAK,8,55
AK,KODIAK,9,49.4
AK,KODIAK,10,40.3
AK,KODIAK,11,34
AK,KODIAK,12,30.6
AK,KOTZEBUE,1,-2.5
AK,KOTZEBUE,2,-3.5
AK,KOTZEBUE,3,-0.3
AK,KOTZEBUE,4,11.5
AK,KOTZEBUE,5,31.6
AK,KOTZEBUE,6,44.8
AK,KOTZEBUE,7,54.7
AK,KOTZEBUE,8,52.1
AK,KOTZEBUE,9,41.8
AK,KOTZEBUE,10,23.2
AK,KOTZEBUE,11,8.3
AK,KOTZEBUE,12,-0.2
AK,MCGRATH,1,-6.7
AK,MCGRATH,2,-0.9
AK,MCGRATH,3,11.8
AK,MCGRATH,4,29.1
AK,MCGRATH,5,46.2
AK,MCGRATH,6,56.7
AK,MCGRATH,7,59.8
AK,MCGRATH,8,54.9
AK,MCGRATH,9,44.7
AK,MCGRATH,10,25.3
AK,MCGRATH,11,5.8
AK,MCGRATH,12,-3.8
AK,NOME,1,5.8
AK,NOME,2,5.7
AK,NOME,3,9.4
AK,NOME,4,19.6
AK,NOME,5,37.1
AK,NOME,6,47.3
AK,NOME,7,52.6
AK,NOME,8,50.6
AK,NOME,9,42.9
AK,NOME,10,28.5
AK,NOME,11,16.9
AK,NOME,12,8.4
AK,ST. PAUL ISLAND,1,25.7
AK,ST. PAUL ISLAND,2,23.3
AK,ST. PAUL ISLAND,3,24.2
AK,ST. PAUL ISLAND,4,28.4
AK,ST. PAUL ISLAND,5,35.7
AK,ST. PAUL ISLAND,6,41.9
AK,ST. PAUL ISLAND,7,46.7
AK,ST. PAUL ISLAND,8,48.4
AK,ST. PAUL ISLAND,9,45
AK,ST. PAUL ISLAND,10,38.3
AK,ST. PAUL ISLAND,11,33.1
AK,ST. PAUL ISLAND,12,28.8
AK,TALKEETNA,1,11
AK,TALKEETNA,2,15.4
AK,TALKEETNA,3,22.6
AK,TALKEETNA,4,34.3
AK,TALKEETNA,5,45.8
AK,TALKEETNA,6,55.3
AK,TALKEETNA,7,58.9
AK,TALKEETNA,8,55.6
AK,TALKEETNA,9,46.2
AK,TALKEETNA,10,31.4
AK,TALKEETNA,11,17.5
AK,TALKEETNA,12,13
AK,UNALAKLEET,1,3.3
AK,UNALAKLEET,2,4.3
AK,UNALAKLEET,3,10.7
AK,UNALAKLEET,4,22.7
AK,UNALAKLEET,5,39.5
AK,UNALAKLEET,6,49
AK,UNALAKLEET,7,55.5
AK,UNALAKLEET,8,53.1
AK,UNALAKLEET,9,43.6
AK,UNALAKLEET,10,26.5
AK,UNALAKLEET,11,12.6
AK,UNALAKLEET,12,6.1
AK,VALDEZ,1,21.9
AK,VALDEZ,2,24.8
AK,VALDEZ,3,29.8
AK,VALDEZ,4,37.7
AK,VALDEZ,5,45.8
AK,VALDEZ,6,52.2
AK,VALDEZ,7,55.2
AK,VALDEZ,8,53.6
AK,VALDEZ,9,47.1
AK,VALDEZ,10,38.2
AK,VALDEZ,11,28.3
AK,VALDEZ,12,24.7
AK,YAKUTAT,1,25.8
AK,YAKUTAT,2,28.4
AK,YAKUTAT,3,31.5
AK,YAKUTAT,4,37.2
AK,YAKUTAT,5,43.6
AK,YAKUTAT,6,49.7
AK,YAKUTAT,7,53.6
AK,YAKUTAT,8,53.3
AK,YAKUTAT,9,48.2
AK,YAKUTAT,10,41.1
AK,YAKUTAT,11,32.4
AK,YAKUTAT,12,28.6
AL,HUNTSVILLE,1,39.8
AL,HUNTSVILLE,2,44.3
AL,HUNTSVILLE,3,52.3
AL,HUNTSVILLE,4,60.4
AL,HUNTSVILLE,5,68.6
AL,HUNTSVILLE,6,76
AL,HUNTSVILLE,7,79.5
AL,HUNTSVILLE,8,78.6
AL,HUNTSVILLE,9,72.4
AL,HUNTSVILLE,10,61.3
AL,HUNTSVILLE,11,51.2
AL,HUNTSVILLE,12,43.1
AL,MOBILE,1,50.1
AL,MOBILE,2,53.5
AL,MOBILE,3,60.2
AL,MOBILE,4,66.1
AL,MOBILE,5,73.5
AL,MOBILE,6,79.3
AL,MOBILE,7,81.5
AL,MOBILE,8,81.3
AL,MOBILE,9,77.2
AL,MOBILE,10,67.7
AL,MOBILE,11,58.9
AL,MOBILE,12,52.3
AL,MONTGOMERY,1,46.6
AL,MONTGOMERY,2,50.5
AL,MONTGOMERY,3,57.9
AL,MONTGOMERY,4,64.3
AL,MONTGOMERY,5,72.3
AL,MONTGOMERY,6,78.9
AL,MONTGOMERY,7,81.8
AL,MONTGOMERY,8,81.2
AL,MONTGOMERY,9,76.3
AL,MONTGOMERY,10,65.4
AL,MONTGOMERY,11,56.1
AL,MONTGOMERY,12,49
AMER SAMOA,PAGO PAGO,1,81.5
AMER SAMOA,PAGO PAGO,2,81.8
AMER SAMOA,PAGO PAGO,3,82
AMER SAMOA,PAGO PAGO,4,81.6
AMER SAMOA,PAGO PAGO,5,80.9
AMER SAMOA,PAGO PAGO,6,80.3
AMER SAMOA,PAGO PAGO,7,79.7
AMER SAMOA,PAGO PAGO,8,79.8
AMER SAMOA,PAGO PAGO,9,80.3
AMER SAMOA,PAGO PAGO,10,80.7
AMER SAMOA,PAGO PAGO,11,81.2
AMER SAMOA,PAGO PAGO,12,81.7
AR,FORT SMITH,1,38
AR,FORT SMITH,2,43.7
AR,FORT SMITH,3,52.6
AR,FORT SMITH,4,61.1
AR,FORT SMITH,5,69.5
AR,FORT SMITH,6,77.5
AR,FORT SMITH,7,82.2
AR,FORT SMITH,8,81.5
AR,FORT SMITH,9,73.9
AR,FORT SMITH,10,62.8
AR,FORT SMITH,11,50.5
AR,FORT SMITH,12,41
AR,LITTLE ROCK,1,40.1
AR,LITTLE ROCK,2,45.2
AR,LITTLE ROCK,3,53.4
AR,LITTLE ROCK,4,61.4
AR,LITTLE ROCK,5,70.1
AR,LITTLE ROCK,6,78.4
AR,LITTLE ROCK,7,82.4
AR,LITTLE ROCK,8,81.3
AR,LITTLE ROCK,9,74.4
AR,LITTLE ROCK,10,63.3
AR,LITTLE ROCK,11,51.7
AR,LITTLE ROCK,12,43.2
AR,NORTH LITTLE ROCK,1,40.2
AR,NORTH LITTLE ROCK,2,45.6
AR,NORTH LITTLE ROCK,3,54.3
AR,NORTH LITTLE ROCK,4,63
AR,NORTH LITTLE ROCK,5,70.9
AR,NORTH LITTLE ROCK,6,78.8
AR,NORTH LITTLE ROCK,7,83.2
AR,NORTH LITTLE ROCK,8,82.1
AR,NORTH LITTLE ROCK,9,75
AR,NORTH LITTLE ROCK,10,64.5
AR,NORTH LITTLE ROCK,11,52.5
AR,NORTH LITTLE ROCK,12,43.4
AZ,FLAGSTAFF,1,29.7
AZ,FLAGSTAFF,2,32.2
AZ,FLAGSTAFF,3,36.6
AZ,FLAGSTAFF,4,42.9
AZ,FLAGSTAFF,5,50.8
AZ,FLAGSTAFF,6,60.1
AZ,FLAGSTAFF,7,66.1
AZ,FLAGSTAFF,8,64.4
AZ,FLAGSTAFF,9,57.8
AZ,FLAGSTAFF,10,47.1
AZ,FLAGSTAFF,11,36.5
AZ,FLAGSTAFF,12,30.2
AZ,PHOENIX,1,54.2
AZ,PHOENIX,2,58.2
AZ,PHOENIX,3,62.7
AZ,PHOENIX,4,70.2
AZ,PHOENIX,5,79.1
AZ,PHOENIX,6,88.6
AZ,PHOENIX,7,92.8
AZ,PHOENIX,8,91.4
AZ,PHOENIX,9,86
AZ,PHOENIX,10,74.6
AZ,PHOENIX,11,61.6
AZ,PHOENIX,12,54.3
AZ,TUCSON,1,51.7
AZ,TUCSON,2,55
AZ,TUCSON,3,59.2
AZ,TUCSON,4,66
AZ,TUCSON,5,74.5
AZ,TUCSON,6,84.1
AZ,TUCSON,7,86.5
AZ,TUCSON,8,84.9
AZ,TUCSON,9,80.9
AZ,TUCSON,10,70.5
AZ,TUCSON,11,58.7
AZ,TUCSON,12,51.9
AZ,WINSLOW,1,34.2
AZ,WINSLOW,2,40
AZ,WINSLOW,3,46.3
AZ,WINSLOW,4,53.4
AZ,WINSLOW,5,62.2
AZ,WINSLOW,6,72.1
AZ,WINSLOW,7,77.5
AZ,WINSLOW,8,75.6
AZ,WINSLOW,9,68.2
AZ,WINSLOW,10,55.9
AZ,WINSLOW,11,43.2
AZ,WINSLOW,12,34.1
AZ,YUMA,1,58.1
AZ,YUMA,2,62
AZ,YUMA,3,66.5
AZ,YUMA,4,72.7
AZ,YUMA,5,79.9
AZ,YUMA,6,88.8
AZ,YUMA,7,94.1
AZ,YUMA,8,93.5
AZ,YUMA,9,88.2
AZ,YUMA,10,77.2
AZ,YUMA,11,64.8
AZ,YUMA,12,57.4
CA,BAKERSFIELD,1,47.8
CA,BAKERSFIELD,2,53.3
CA,BAKERSFIELD,3,57.3
CA,BAKERSFIELD,4,62.7
CA,BAKERSFIELD,5,70.3
CA,BAKERSFIELD,6,77.7
CA,BAKERSFIELD,7,83.1
CA,BAKERSFIELD,8,81.9
CA,BAKERSFIELD,9,76.7
CA,BAKERSFIELD,10,67.2
CA,BAKERSFIELD,11,54.8
CA,BAKERSFIELD,12,47.2
CA,BISHOP,1,38
CA,BISHOP,2,42.4
CA,BISHOP,3,47.7
CA,BISHOP,4,54.1
CA,BISHOP,5,62.5
CA,BISHOP,6,71.1
CA,BISHOP,7,76.8
CA,BISHOP,8,74.8
CA,BISHOP,9,67.3
CA,BISHOP,10,56.6
CA,BISHOP,11,44.8
CA,BISHOP,12,38
CA,FRESNO,1,46
CA,FRESNO,2,51.4
CA,FRESNO,3,55.5
CA,FRESNO,4,61.2
CA,FRESNO,5,68.8
CA,FRESNO,6,76.1
CA,FRESNO,7,81.4
CA,FRESNO,8,79.9
CA,FRESNO,9,74.6
CA,FRESNO,10,65
CA,FRESNO,11,52.7
CA,FRESNO,12,45.2
CA,LONG BEACH,1,57
CA,LONG BEACH,2,58.3
CA,LONG BEACH,3,59.7
CA,LONG BEACH,4,63
CA,LONG BEACH,5,65.9
CA,LONG BEACH,6,69.8
CA,LONG BEACH,7,73.8
CA,LONG BEACH,8,75.1
CA,LONG BEACH,9,73.4
CA,LONG BEACH,10,68.6
CA,LONG BEACH,11,61.8
CA,LONG BEACH,12,57.1
CA,LOS ANGELES AP,1,57.1
CA,LOS ANGELES AP,2,58
CA,LOS ANGELES AP,3,58.3
CA,LOS ANGELES AP,4,60.8
CA,LOS ANGELES AP,5,63.1
CA,LOS ANGELES AP,6,66.4
CA,LOS ANGELES AP,7,69.3
CA,LOS ANGELES AP,8,70.7
CA,LOS ANGELES AP,9,70.1
CA,LOS ANGELES AP,10,66.9
CA,LOS ANGELES AP,11,61.6
CA,LOS ANGELES AP,12,57.6
CA,LOS ANGELES C.O.,1,58.3
CA,LOS ANGELES C.O.,2,60
CA,LOS ANGELES C.O.,3,60.7
CA,LOS ANGELES C.O.,4,63.8
CA,LOS ANGELES C.O.,5,66.2
CA,LOS ANGELES C.O.,6,70.5
CA,LOS ANGELES C.O.,7,74.2
CA,LOS ANGELES C.O.,8,75.2
CA,LOS ANGELES C.O.,9,74
CA,LOS ANGELES C.O.,10,69.5
CA,LOS ANGELES C.O.,11,62.9
CA,LOS ANGELES C.O.,12,58.5
CA,MOUNT SHASTA,1,35.3
CA,MOUNT SHASTA,2,38.2
CA,MOUNT SHASTA,3,41.2
CA,MOUNT SHASTA,4,46.3
CA,MOUNT SHASTA,5,53.2
CA,MOUNT SHASTA,6,60.2
CA,MOUNT SHASTA,7,66.1
CA,MOUNT SHASTA,8,65.1
CA,MOUNT SHASTA,9,59.5
CA,MOUNT SHASTA,10,50.5
CA,MOUNT SHASTA,11,39.9
CA,MOUNT SHASTA,12,34.8
CA,REDDING,1,45.5
CA,REDDING,2,49.1
CA,REDDING,3,52.5
CA,REDDING,4,57.8
CA,REDDING,5,66.2
CA,REDDING,6,75.2
CA,REDDING,7,81.3
CA,REDDING,8,78.9
CA,REDDING,9,73.4
CA,REDDING,10,63.2
CA,REDDING,11,51.1
CA,REDDING,12,45.3
CA,SACRAMENTO,1,46.3
CA,SACRAMENTO,2,51.2
CA,SACRAMENTO,3,54.5
CA,SACRAMENTO,4,58.9
CA,SACRAMENTO,5,65.5
CA,SACRAMENTO,6,71.5
CA,SACRAMENTO,7,75.4
CA,SACRAMENTO,8,74.8
CA,SACRAMENTO,9,71.7
CA,SACRAMENTO,10,64.4
CA,SACRAMENTO,11,53.3
CA,SACRAMENTO,12,45.8
CA,SAN DIEGO,1,57.8
CA,SAN DIEGO,2,58.9
CA,SAN DIEGO,3,60
CA,SAN DIEGO,4,62.6
CA,SAN DIEGO,5,64.6
CA,SAN DIEGO,6,67.4
CA,SAN DIEGO,7,70.9
CA,SAN DIEGO,8,72.5
CA,SAN DIEGO,9,71.6
CA,SAN DIEGO,10,67.6
CA,SAN DIEGO,11,61.8
CA,SAN DIEGO,12,57.6
CA,SAN FRANCISCO AP,1,49.4
CA,SAN FRANCISCO AP,2,52.4
CA,SAN FRANCISCO AP,3,54
CA,SAN FRANCISCO AP,4,56.2
CA,SAN FRANCISCO AP,5,58.7
CA,SAN FRANCISCO AP,6,61.4
CA,SAN FRANCISCO AP,7,62.8
CA,SAN FRANCISCO AP,8,63.6
CA,SAN FRANCISCO AP,9,63.9
CA,SAN FRANCISCO AP,10,61
CA,SAN FRANCISCO AP,11,54.7
CA,SAN FRANCISCO AP,12,49.5
CA,SAN FRANCISCO C.O.,1,52.3
CA,SAN FRANCISCO C.O.,2,55
CA,SAN FRANCISCO C.O.,3,55.9
CA,SAN FRANCISCO C.O.,4,57.3
CA,SAN FRANCISCO C.O.,5,58.4
CA,SAN FRANCISCO C.O.,6,60.5
CA,SAN FRANCISCO C.O.,7,61.3
CA,SAN FRANCISCO C.O.,8,62.4
CA,SAN FRANCISCO C.O.,9,63.7
CA,SAN FRANCISCO C.O.,10,62.5
CA,SAN FRANCISCO C.O.,11,57.5
CA,SAN FRANCISCO C.O.,12,52.7
CA,SANTA BARBARA,1,53.1
CA,SANTA BARBARA,2,55.2
CA,SANTA BARBARA,3,56.7
CA,SANTA BARBARA,4,58.9
CA,SANTA BARBARA,5,60.9
CA,SANTA BARBARA,6,64.2
CA,SANTA BARBARA,7,67
CA,SANTA BARBARA,8,68.6
CA,SANTA BARBARA,9,67.4
CA,SANTA BARBARA,10,63.5
CA,SANTA BARBARA,11,57.5
CA,SANTA BARBARA,12,53.2
CA,SANTA MARIA,1,51.6
CA,SANTA MARIA,2,53.1
CA,SANTA MARIA,3,53.8
CA,SANTA MARIA,4,55.5
CA,SANTA MARIA,5,57.8
CA,SANTA MARIA,6,60.9
CA,SANTA MARIA,7,63.5
CA,SANTA MARIA,8,64.2
CA,SANTA MARIA,9,63.9
CA,SANTA MARIA,10,61.1
CA,SANTA MARIA,11,55.5
CA,SANTA MARIA,12,51.6
CA,STOCKTON,1,46
CA,STOCKTON,2,51.1
CA,STOCKTON,3,54.9
CA,STOCKTON,4,60
CA,STOCKTON,5,66.7
CA,STOCKTON,6,73.2
CA,STOCKTON,7,77.3
CA,STOCKTON,8,76.5
CA,STOCKTON,9,72.8
CA,STOCKTON,10,64.6
CA,STOCKTON,11,53.1
CA,STOCKTON,12,45.3
CA.,EUREKA,1,47.9
CA.,EUREKA,2,48.9
CA.,EUREKA,3,49.2
CA.,EUREKA,4,50.7
CA.,EUREKA,5,53.6
CA.,EUREKA,6,56.3
CA.,EUREKA,7,58.1
CA.,EUREKA,8,58.7
CA.,EUREKA,9,57.4
CA.,EUREKA,10,54.5
CA.,EUREKA,11,51
CA.,EUREKA,12,47.9
CAROLINE IS.,POHNPEI,1,80.8
CAROLINE IS.,POHNPEI,2,81.1
CAROLINE IS.,POHNPEI,3,81.4
CAROLINE IS.,POHNPEI,4,81.2
CAROLINE IS.,POHNPEI,5,81.2
CAROLINE IS.,POHNPEI,6,81
CAROLINE IS.,POHNPEI,7,80.7
CAROLINE IS.,POHNPEI,8,80.7
CAROLINE IS.,POHNPEI,9,80.7
CAROLINE IS.,POHNPEI,10,80.7
CAROLINE IS.,POHNPEI,11,81
CAROLINE IS.,POHNPEI,12,80.9
CO,ALAMOSA,1,14.7
CO,ALAMOSA,2,22.5
CO,ALAMOSA,3,32.7
CO,ALAMOSA,4,40.8
CO,ALAMOSA,5,50.4
CO,ALAMOSA,6,59.4
CO,ALAMOSA,7,64.1
CO,ALAMOSA,8,62.1
CO,ALAMOSA,9,54.5
CO,ALAMOSA,10,42.8
CO,ALAMOSA,11,28.4
CO,ALAMOSA,12,17.1
CO,COLORADO SPRINGS,1,28.1
CO,COLORADO SPRINGS,2,31.7
CO,COLORADO SPRINGS,3,37.8
CO,COLORADO SPRINGS,4,45.3
CO,COLORADO SPRINGS,5,54.6
CO,COLORADO SPRINGS,6,64.4
CO,COLORADO SPRINGS,7,69.6
CO,COLORADO SPRINGS,8,67.6
CO,COLORADO SPRINGS,9,59.8
CO,COLORADO SPRINGS,10,48.9
CO,COLORADO SPRINGS,11,36.2
CO,COLORADO SPRINGS,12,29
CO,DENVER,1,29.2
CO,DENVER,2,33.2
CO,DENVER,3,39.6
CO,DENVER,4,47.6
CO,DENVER,5,57.2
CO,DENVER,6,67.6
CO,DENVER,7,73.4
CO,DENVER,8,71.7
CO,DENVER,9,62.4
CO,DENVER,10,51
CO,DENVER,11,37.5
CO,DENVER,12,30.3
CO,GRAND JUNCTION,1,26.1
CO,GRAND JUNCTION,2,34.1
CO,GRAND JUNCTION,3,43.4
CO,GRAND JUNCTION,4,50.9
CO,GRAND JUNCTION,5,60.5
CO,GRAND JUNCTION,6,71.1
CO,GRAND JUNCTION,7,76.8
CO,GRAND JUNCTION,8,74.7
CO,GRAND JUNCTION,9,65.4
CO,GRAND JUNCTION,10,52.7
CO,GRAND JUNCTION,11,38.1
CO,GRAND JUNCTION,12,28.2
CO,PUEBLO,1,29.3
CO,PUEBLO,2,34.6
CO,PUEBLO,3,41.8
CO,PUEBLO,4,49.9
CO,PUEBLO,5,59.7
CO,PUEBLO,6,69.8
CO,PUEBLO,7,75.4
CO,PUEBLO,8,73.5
CO,PUEBLO,9,64.8
CO,PUEBLO,10,52.4
CO,PUEBLO,11,38.4
CO,PUEBLO,12,30.3
CT,BRIDGEPORT,1,29.9
CT,BRIDGEPORT,2,31.9
CT,BRIDGEPORT,3,39.5
CT,BRIDGEPORT,4,48.9
CT,BRIDGEPORT,5,59
CT,BRIDGEPORT,6,68
CT,BRIDGEPORT,7,74
CT,BRIDGEPORT,8,73.1
CT,BRIDGEPORT,9,65.7
CT,BRIDGEPORT,10,54.7
CT,BRIDGEPORT,11,45.1
CT,BRIDGEPORT,12,35.1
CT,HARTFORD,1,25.7
CT,HARTFORD,2,28.8
CT,HARTFORD,3,38
CT,HARTFORD,4,48.9
CT,HARTFORD,5,59.9
CT,HARTFORD,6,68.5
CT,HARTFORD,7,73.7
CT,HARTFORD,8,71.6
CT,HARTFORD,9,63.2
CT,HARTFORD,10,51.9
CT,HARTFORD,11,41.8
CT,HARTFORD,12,30.8
D.C.,WASHINGTON DULLES AP,1,31.7
D.C.,WASHINGTON DULLES AP,2,34.8
D.C.,WASHINGTON DULLES AP,3,43.4
D.C.,WASHINGTON DULLES AP,4,53.1
D.C.,WASHINGTON DULLES AP,5,62.3
D.C.,WASHINGTON DULLES AP,6,70.9
D.C.,WASHINGTON DULLES AP,7,75.7
D.C.,WASHINGTON DULLES AP,8,74.4
D.C.,WASHINGTON DULLES AP,9,67.3
D.C.,WASHINGTON DULLES AP,10,55
D.C.,WASHINGTON DULLES AP,11,45.2
D.C.,WASHINGTON DULLES AP,12,36
D.C.,WASHINGTON NAT'L AP,1,34.9
D.C.,WASHINGTON NAT'L AP,2,38.1
D.C.,WASHINGTON NAT'L AP,3,46.5
D.C.,WASHINGTON NAT'L AP,4,56.1
D.C.,WASHINGTON NAT'L AP,5,65.6
D.C.,WASHINGTON NAT'L AP,6,74.5
D.C.,WASHINGTON NAT'L AP,7,79.2
D.C.,WASHINGTON NAT'L AP,8,77.4
D.C.,WASHINGTON NAT'L AP,9,70.5
D.C.,WASHINGTON NAT'L AP,10,58.8
D.C.,WASHINGTON NAT'L AP,11,48.7
D.C.,WASHINGTON NAT'L AP,12,39.5
DE,WILMINGTON,1,31.5
DE,WILMINGTON,2,34.2
DE,WILMINGTON,3,42.7
DE,WILMINGTON,4,52.4
DE,WILMINGTON,5,62.5
DE,WILMINGTON,6,71.5
DE,WILMINGTON,7,76.6
DE,WILMINGTON,8,75
DE,WILMINGTON,9,67.7
DE,WILMINGTON,10,55.8
DE,WILMINGTON,11,45.9
DE,WILMINGTON,12,36.4
FL,APALACHICOLA,1,52.7
FL,APALACHICOLA,2,55.3
FL,APALACHICOLA,3,60.7
FL,APALACHICOLA,4,66.8
FL,APALACHICOLA,5,74.1
FL,APALACHICOLA,6,80
FL,APALACHICOLA,7,81.9
FL,APALACHICOLA,8,81.7
FL,APALACHICOLA,9,79.1
FL,APALACHICOLA,10,70.2
FL,APALACHICOLA,11,62
FL,APALACHICOLA,12,55.2
FL,DAYTONA BEACH,1,58.4
FL,DAYTONA BEACH,2,60
FL,DAYTONA BEACH,3,64.7
FL,DAYTONA BEACH,4,68.9
FL,DAYTONA BEACH,5,74.8
FL,DAYTONA BEACH,6,79.7
FL,DAYTONA BEACH,7,81.7
FL,DAYTONA BEACH,8,81.5
FL,DAYTONA BEACH,9,79.9
FL,DAYTONA BEACH,10,74
FL,DAYTONA BEACH,11,67
FL,DAYTONA BEACH,12,60.8
FL,FORT MYERS,1,64.9
FL,FORT MYERS,2,66
FL,FORT MYERS,3,69.9
FL,FORT MYERS,4,73.6
FL,FORT MYERS,5,78.8
FL,FORT MYERS,6,82.2
FL,FORT MYERS,7,83
FL,FORT MYERS,8,83.1
FL,FORT MYERS,9,82.1
FL,FORT MYERS,10,77.5
FL,FORT MYERS,11,71.7
FL,FORT MYERS,12,66.4
FL,GAINESVILLE,1,54.3
FL,GAINESVILLE,2,57
FL,GAINESVILLE,3,62.5
FL,GAINESVILLE,4,67.6
FL,GAINESVILLE,5,74.3
FL,GAINESVILLE,6,79.2
FL,GAINESVILLE,7,80.9
FL,GAINESVILLE,8,80.4
FL,GAINESVILLE,9,77.8
FL,GAINESVILLE,10,70.1
FL,GAINESVILLE,11,62.8
FL,GAINESVILLE,12,56.3
FL,JACKSONVILLE,1,53.1
FL,JACKSONVILLE,2,55.8
FL,JACKSONVILLE,3,61.6
FL,JACKSONVILLE,4,66.6
FL,JACKSONVILLE,5,73.4
FL,JACKSONVILLE,6,79.1
FL,JACKSONVILLE,7,81.6
FL,JACKSONVILLE,8,80.8
FL,JACKSONVILLE,9,77.8
FL,JACKSONVILLE,10,69.4
FL,JACKSONVILLE,11,61.7
FL,JACKSONVILLE,12,55
FL,KEY WEST,1,70.3
FL,KEY WEST,2,70.8
FL,KEY WEST,3,73.8
FL,KEY WEST,4,77
FL,KEY WEST,5,80.7
FL,KEY WEST,6,83.4
FL,KEY WEST,7,84.5
FL,KEY WEST,8,84.4
FL,KEY WEST,9,83.4
FL,KEY WEST,10,80.2
FL,KEY WEST,11,76.3
FL,KEY WEST,12,72
FL,MIAMI,1,68.1
FL,MIAMI,2,69.1
FL,MIAMI,3,72.4
FL,MIAMI,4,75.7
FL,MIAMI,5,79.6
FL,MIAMI,6,82.4
FL,MIAMI,7,83.7
FL,MIAMI,8,83.6
FL,MIAMI,9,82.4
FL,MIAMI,10,78.8
FL,MIAMI,11,74.4
FL,MIAMI,12,69.9
FL,ORLANDO,1,60.9
FL,ORLANDO,2,62.6
FL,ORLANDO,3,67.4
FL,ORLANDO,4,71.5
FL,ORLANDO,5,77.1
FL,ORLANDO,6,81.2
FL,ORLANDO,7,82.4
FL,ORLANDO,8,82.5
FL,ORLANDO,9,81.1
FL,ORLANDO,10,75.3
FL,ORLANDO,11,68.8
FL,ORLANDO,12,63
FL,PENSACOLA,1,52
FL,PENSACOLA,2,54.9
FL,PENSACOLA,3,61
FL,PENSACOLA,4,66.9
FL,PENSACOLA,5,74.6
FL,PENSACOLA,6,80.6
FL,PENSACOLA,7,82.6
FL,PENSACOLA,8,82.2
FL,PENSACOLA,9,78.7
FL,PENSACOLA,10,69.5
FL,PENSACOLA,11,60.7
FL,PENSACOLA,12,54.1
FL,TALLAHASSEE,1,51.8
FL,TALLAHASSEE,2,54.8
FL,TALLAHASSEE,3,61.1
FL,TALLAHASSEE,4,66.4
FL,TALLAHASSEE,5,74.4
FL,TALLAHASSEE,6,80.4
FL,TALLAHASSEE,7,82.4
FL,TALLAHASSEE,8,82.1
FL,TALLAHASSEE,9,78.9
FL,TALLAHASSEE,10,69.1
FL,TALLAHASSEE,11,60.4
FL,TALLAHASSEE,12,53.7
FL,TAMPA,1,61.3
FL,TAMPA,2,62.7
FL,TAMPA,3,67.4
FL,TAMPA,4,71.5
FL,TAMPA,5,77.6
FL,TAMPA,6,81.5
FL,TAMPA,7,82.5
FL,TAMPA,8,82.7
FL,TAMPA,9,81.6
FL,TAMPA,10,75.8
FL,TAMPA,11,69.3
FL,TAMPA,12,63.3
FL,VERO BEACH,1,63
FL,VERO BEACH,2,63.9
FL,VERO BEACH,3,67.7
FL,VERO BEACH,4,71.5
FL,VERO BEACH,5,76.2
FL,VERO BEACH,6,80.4
FL,VERO BEACH,7,81.7
FL,VERO BEACH,8,81.6
FL,VERO BEACH,9,80.7
FL,VERO BEACH,10,76.4
FL,VERO BEACH,11,70.5
FL,VERO BEACH,12,64.7
FL,WEST PALM BEACH,1,66.2
FL,WEST PALM BEACH,2,67.2
FL,WEST PALM BEACH,3,70.6
FL,WEST PALM BEACH,4,73.8
FL,WEST PALM BEACH,5,78.2
FL,WEST PALM BEACH,6,81.2
FL,WEST PALM BEACH,7,82.5
FL,WEST PALM BEACH,8,82.8
FL,WEST PALM BEACH,9,81.7
FL,WEST PALM BEACH,10,78.1
FL,WEST PALM BEACH,11,73.1
FL,WEST PALM BEACH,12,68.3
GA,ATHENS,1,42.2
GA,ATHENS,2,46
GA,ATHENS,3,53.5
GA,ATHENS,4,60.9
GA,ATHENS,5,69.1
GA,ATHENS,6,76.3
GA,ATHENS,7,79.8
GA,ATHENS,8,78.4
GA,ATHENS,9,72.6
GA,ATHENS,10,61.8
GA,ATHENS,11,52.7
GA,ATHENS,12,44.8
GA,ATLANTA,1,42.7
GA,ATLANTA,2,46.7
GA,ATLANTA,3,54.3
GA,ATLANTA,4,61.6
GA,ATLANTA,5,69.8
GA,ATLANTA,6,76.8
GA,ATLANTA,7,80
GA,ATLANTA,8,78.9
GA,ATLANTA,9,73.3
GA,ATLANTA,10,62.8
GA,ATLANTA,11,53.4
GA,ATLANTA,12,45.4
GA,COLUMBUS,1,46.8
GA,COLUMBUS,2,50.3
GA,COLUMBUS,3,57.6
GA,COLUMBUS,4,64.2
GA,COLUMBUS,5,72.3
GA,COLUMBUS,6,79.2
GA,COLUMBUS,7,82
GA,COLUMBUS,8,81.3
GA,COLUMBUS,9,76.2
GA,COLUMBUS,10,65.8
GA,COLUMBUS,11,56.7
GA,COLUMBUS,12,49.1
GA,MACON,1,45.5
GA,MACON,2,48.9
GA,MACON,3,56.2
GA,MACON,4,62.7
GA,MACON,5,71
GA,MACON,6,78
GA,MACON,7,81.1
GA,MACON,8,80
GA,MACON,9,74.5
GA,MACON,10,63.9
GA,MACON,11,55.1
GA,MACON,12,47.8
GA,SAVANNAH,1,49.2
GA,SAVANNAH,2,52.5
GA,SAVANNAH,3,59.3
GA,SAVANNAH,4,65.3
GA,SAVANNAH,5,72.8
GA,SAVANNAH,6,78.8
GA,SAVANNAH,7,82.1
GA,SAVANNAH,8,80.8
GA,SAVANNAH,9,76.7
GA,SAVANNAH,10,67.1
GA,SAVANNAH,11,58.7
GA,SAVANNAH,12,51.4
HI,HILO,1,71.4
HI,HILO,2,71.5
HI,HILO,3,72
HI,HILO,4,72.5
HI,HILO,5,73.7
HI,HILO,6,75.1
HI,HILO,7,75.9
HI,HILO,8,76.3
HI,HILO,9,76.2
HI,HILO,10,75.6
HI,HILO,11,74
HI,HILO,12,72.2
HI,KAHULUI,1,71.8
HI,KAHULUI,2,71.9
HI,KAHULUI,3,73.1
HI,KAHULUI,4,74.2
HI,KAHULUI,5,75.7
HI,KAHULUI,6,77.6
HI,KAHULUI,7,78.8
HI,KAHULUI,8,79.5
HI,KAHULUI,9,79.1
HI,KAHULUI,10,78.1
HI,KAHULUI,11,76
HI,KAHULUI,12,73.4
HI,LIHUE,1,71.7
HI,LIHUE,2,71.7
HI,LIHUE,3,72.7
HI,LIHUE,4,73.9
HI,LIHUE,5,75.4
HI,LIHUE,6,77.7
HI,LIHUE,7,79
HI,LIHUE,8,79.7
HI,LIHUE,9,79.5
HI,LIHUE,10,78.2
HI,LIHUE,11,75.9
HI,LIHUE,12,73.3
IA,DES MOINES,1,20.4
IA,DES MOINES,2,26.6
IA,DES MOINES,3,38.4
IA,DES MOINES,4,50.6
IA,DES MOINES,5,61.9
IA,DES MOINES,6,71.4
IA,DES MOINES,7,76.1
IA,DES MOINES,8,73.9
IA,DES MOINES,9,65.1
IA,DES MOINES,10,52.8
IA,DES MOINES,11,37.9
IA,DES MOINES,12,24.9
IA,SIOUX CITY,1,18.6
IA,SIOUX CITY,2,25.1
IA,SIOUX CITY,3,36.5
IA,SIOUX CITY,4,49.5
IA,SIOUX CITY,5,61.2
IA,SIOUX CITY,6,70.5
IA,SIOUX CITY,7,74.6
IA,SIOUX CITY,8,72.1
IA,SIOUX CITY,9,63.1
IA,SIOUX CITY,10,50.8
IA,SIOUX CITY,11,34.8
IA,SIOUX CITY,12,22.3
IA,WATERLOO,1,16.1
IA,WATERLOO,2,22.6
IA,WATERLOO,3,35
IA,WATERLOO,4,47.8
IA,WATERLOO,5,60.2
IA,WATERLOO,6,69.9
IA,WATERLOO,7,73.6
IA,WATERLOO,8,71.2
IA,WATERLOO,9,62.6
IA,WATERLOO,10,50.2
IA,WATERLOO,11,35.1
IA,WATERLOO,12,21.6
ID,BOISE,1,30.2
ID,BOISE,2,36.7
ID,BOISE,3,43.8
ID,BOISE,4,50.6
ID,BOISE,5,58.6
ID,BOISE,6,67.2
ID,BOISE,7,74.7
ID,BOISE,8,73.9
ID,BOISE,9,64.2
ID,BOISE,10,52.8
ID,BOISE,11,39.9
ID,BOISE,12,30.6
ID,LEWISTON,1,33.7
ID,LEWISTON,2,38.4
ID,LEWISTON,3,44.7
ID,LEWISTON,4,51.1
ID,LEWISTON,5,58.5
ID,LEWISTON,6,65.8
ID,LEWISTON,7,73.5
ID,LEWISTON,8,73.4
ID,LEWISTON,9,63.8
ID,LEWISTON,10,51.6
ID,LEWISTON,11,40.4
ID,LEWISTON,12,33.9
ID,POCATELLO,1,24.4
ID,POCATELLO,2,30
ID,POCATELLO,3,37.9
ID,POCATELLO,4,45.6
ID,POCATELLO,5,53.5
ID,POCATELLO,6,62
ID,POCATELLO,7,69.2
ID,POCATELLO,8,68.4
ID,POCATELLO,9,58.8
ID,POCATELLO,10,47.7
ID,POCATELLO,11,34.7
ID,POCATELLO,12,25.3
IL,MOLINE,1,21.1
IL,MOLINE,2,26.9
IL,MOLINE,3,38.7
IL,MOLINE,4,50.5
IL,MOLINE,5,61.7
IL,MOLINE,6,71.2
IL,MOLINE,7,75.3
IL,MOLINE,8,73.2
IL,MOLINE,9,65
IL,MOLINE,10,53
IL,MOLINE,11,39.1
IL,MOLINE,12,26.4
IL,PEORIA,1,22.5
IL,PEORIA,2,28.2
IL,PEORIA,3,39.8
IL,PEORIA,4,51.2
IL,PEORIA,5,61.9
IL,PEORIA,6,71.1
IL,PEORIA,7,75.1
IL,PEORIA,8,73.1
IL,PEORIA,9,65.4
IL,PEORIA,10,53.4
IL,PEORIA,11,40.1
IL,PEORIA,12,27.8
IL,ROCKFORD,1,19
IL,ROCKFORD,2,24.7
IL,ROCKFORD,3,36.1
IL,ROCKFORD,4,47.9
IL,ROCKFORD,5,59.6
IL,ROCKFORD,6,68.8
IL,ROCKFORD,7,72.9
IL,ROCKFORD,8,70.9
IL,ROCKFORD,9,62.8
IL,ROCKFORD,10,51
IL,ROCKFORD,11,37.2
IL,ROCKFORD,12,24.4
IL,SPRINGFIELD,1,25.1
IL,SPRINGFIELD,2,30.6
IL,SPRINGFIELD,3,41.8
IL,SPRINGFIELD,4,52.8
IL,SPRINGFIELD,5,63.6
IL,SPRINGFIELD,6,72.6
IL,SPRINGFIELD,7,76.3
IL,SPRINGFIELD,8,74.2
IL,SPRINGFIELD,9,67
IL,SPRINGFIELD,10,55.5
IL,SPRINGFIELD,11,42.3
IL,SPRINGFIELD,12,30.3
IN,EVANSVILLE,1,31
IN,EVANSVILLE,2,35.8
IN,EVANSVILLE,3,45.8
IN,EVANSVILLE,4,55.5
IN,EVANSVILLE,5,65.6
IN,EVANSVILLE,6,74.8
IN,EVANSVILLE,7,78.6
IN,EVANSVILLE,8,76.5
IN,EVANSVILLE,9,69.1
IN,EVANSVILLE,10,57.3
IN,EVANSVILLE,11,45.9
IN,EVANSVILLE,12,35.6
IN,FORT WAYNE,1,23.6
IN,FORT WAYNE,2,27.3
IN,FORT WAYNE,3,38.1
IN,FORT WAYNE,4,49
IN,FORT WAYNE,5,60.4
IN,FORT WAYNE,6,69.7
IN,FORT WAYNE,7,73.4
IN,FORT WAYNE,8,71.1
IN,FORT WAYNE,9,64.1
IN,FORT WAYNE,10,52.4
IN,FORT WAYNE,11,40.6
IN,FORT WAYNE,12,29
IN,INDIANAPOLIS,1,26.5
IN,INDIANAPOLIS,2,31.2
IN,INDIANAPOLIS,3,41.7
IN,INDIANAPOLIS,4,52
IN,INDIANAPOLIS,5,62.6
IN,INDIANAPOLIS,6,71.7
IN,INDIANAPOLIS,7,75.4
IN,INDIANAPOLIS,8,73.5
IN,INDIANAPOLIS,9,66.3
IN,INDIANAPOLIS,10,54.6
IN,INDIANAPOLIS,11,42.9
IN,INDIANAPOLIS,12,31.6
IN,SOUTH BEND,1,23.4
IN,SOUTH BEND,2,27.3
IN,SOUTH BEND,3,37.5
IN,SOUTH BEND,4,48.3
IN,SOUTH BEND,5,59.6
IN,SOUTH BEND,6,69
IN,SOUTH BEND,7,73
IN,SOUTH BEND,8,71
IN,SOUTH BEND,9,63.4
IN,SOUTH BEND,10,52.1
IN,SOUTH BEND,11,40.1
IN,SOUTH BEND,12,28.7
KS,CONCORDIA,1,26.6
KS,CONCORDIA,2,32.4
KS,CONCORDIA,3,42.5
KS,CONCORDIA,4,52.8
KS,CONCORDIA,5,63
KS,CONCORDIA,6,73.4
KS,CONCORDIA,7,79.1
KS,CONCORDIA,8,77
KS,CONCORDIA,9,68
KS,CONCORDIA,10,56
KS,CONCORDIA,11,40.8
KS,CONCORDIA,12,30.2
KS,DODGE CITY,1,30.1
KS,DODGE CITY,2,36
KS,DODGE CITY,3,44.3
KS,DODGE CITY,4,53.9
KS,DODGE CITY,5,63.8
KS,DODGE CITY,6,74.3
KS,DODGE CITY,7,79.8
KS,DODGE CITY,8,78.2
KS,DODGE CITY,9,69.3
KS,DODGE CITY,10,57.1
KS,DODGE CITY,11,42.4
KS,DODGE CITY,12,33.1
KS,GOODLAND,1,27.6
KS,GOODLAND,2,32.4
KS,GOODLAND,3,39.8
KS,GOODLAND,4,48.8
KS,GOODLAND,5,58.7
KS,GOODLAND,6,69.6
KS,GOODLAND,7,75.1
KS,GOODLAND,8,73.2
KS,GOODLAND,9,64
KS,GOODLAND,10,51.8
KS,GOODLAND,11,37.4
KS,GOODLAND,12,29.6
KS,TOPEKA,1,27.2
KS,TOPEKA,2,33.4
KS,TOPEKA,3,44.2
KS,TOPEKA,4,54.5
KS,TOPEKA,5,64.4
KS,TOPEKA,6,73.9
KS,TOPEKA,7,78.4
KS,TOPEKA,8,76.7
KS,TOPEKA,9,68.1
KS,TOPEKA,10,56.6
KS,TOPEKA,11,42.6
KS,TOPEKA,12,31.4
KS,WICHITA,1,30.2
KS,WICHITA,2,36.3
KS,WICHITA,3,45.9
KS,WICHITA,4,55.3
KS,WICHITA,5,65
KS,WICHITA,6,75.5
KS,WICHITA,7,81
KS,WICHITA,8,79.8
KS,WICHITA,9,70.8
KS,WICHITA,10,58.6
KS,WICHITA,11,44.2
KS,WICHITA,12,33.6
KY,JACKSON,1,33.9
KY,JACKSON,2,37.9
KY,JACKSON,3,47.1
KY,JACKSON,4,56.3
KY,JACKSON,5,64.1
KY,JACKSON,6,71.4
KY,JACKSON,7,75
KY,JACKSON,8,73.8
KY,JACKSON,9,67.9
KY,JACKSON,10,57.5
KY,JACKSON,11,47.7
KY,JACKSON,12,38.3
KY,LEXINGTON,1,32
KY,LEXINGTON,2,36.4
KY,LEXINGTON,3,45.6
KY,LEXINGTON,4,54.6
KY,LEXINGTON,5,63.8
KY,LEXINGTON,6,72.2
KY,LEXINGTON,7,76.1
KY,LEXINGTON,8,74.8
KY,LEXINGTON,9,68
KY,LEXINGTON,10,56.6
KY,LEXINGTON,11,45.9
KY,LEXINGTON,12,36.3
KY,LOUISVILLE,1,33
KY,LOUISVILLE,2,37.6
KY,LOUISVILLE,3,46.9
KY,LOUISVILLE,4,56.4
KY,LOUISVILLE,5,65.8
KY,LOUISVILLE,6,74.2
KY,LOUISVILLE,7,78.4
KY,LOUISVILLE,8,77
KY,LOUISVILLE,9,70.1
KY,LOUISVILLE,10,58.5
KY,LOUISVILLE,11,47.6
KY,LOUISVILLE,12,37.6
LA,BATON ROUGE,1,50.1
LA,BATON ROUGE,2,53.5
LA,BATON ROUGE,3,60.3
LA,BATON ROUGE,4,66.6
LA,BATON ROUGE,5,74
LA,BATON ROUGE,6,79.7
LA,BATON ROUGE,7,81.7
LA,BATON ROUGE,8,81.4
LA,BATON ROUGE,9,77.5
LA,BATON ROUGE,10,68.1
LA,BATON ROUGE,11,59
LA,BATON ROUGE,12,52.4
LA,LAKE CHARLES,1,50.9
LA,LAKE CHARLES,2,54.4
LA,LAKE CHARLES,3,61
LA,LAKE CHARLES,4,67.3
LA,LAKE CHARLES,5,74.9
LA,LAKE CHARLES,6,80.5
LA,LAKE CHARLES,7,82.6
LA,LAKE CHARLES,8,82.4
LA,LAKE CHARLES,9,78.4
LA,LAKE CHARLES,10,69.5
LA,LAKE CHARLES,11,60.1
LA,LAKE CHARLES,12,53.3
LA,NEW ORLEANS,1,52.6
LA,NEW ORLEANS,2,55.7
LA,NEW ORLEANS,3,62.4
LA,NEW ORLEANS,4,68.2
LA,NEW ORLEANS,5,75.6
LA,NEW ORLEANS,6,80.7
LA,NEW ORLEANS,7,82.7
LA,NEW ORLEANS,8,82.5
LA,NEW ORLEANS,9,78.9
LA,NEW ORLEANS,10,70
LA,NEW ORLEANS,11,61.4
LA,NEW ORLEANS,12,55.1
LA,SHREVEPORT,1,46.4
LA,SHREVEPORT,2,51.2
LA,SHREVEPORT,3,58.5
LA,SHREVEPORT,4,65.2
LA,SHREVEPORT,5,73
LA,SHREVEPORT,6,79.9
LA,SHREVEPORT,7,83.4
LA,SHREVEPORT,8,82.9
LA,SHREVEPORT,9,77
LA,SHREVEPORT,10,66.7
LA,SHREVEPORT,11,56.1
LA,SHREVEPORT,12,48.4
MA,BLUE HILL,1,26
MA,BLUE HILL,2,28.3
MA,BLUE HILL,3,36.3
MA,BLUE HILL,4,46.3
MA,BLUE HILL,5,57
MA,BLUE HILL,6,65.7
MA,BLUE HILL,7,71.6
MA,BLUE HILL,8,69.9
MA,BLUE HILL,9,62.1
MA,BLUE HILL,10,51.6
MA,BLUE HILL,11,41.8
MA,BLUE HILL,12,31.2
MA,BOSTON,1,29.3
MA,BOSTON,2,31.5
MA,BOSTON,3,38.9
MA,BOSTON,4,48.3
MA,BOSTON,5,58.5
MA,BOSTON,6,68
MA,BOSTON,7,73.9
MA,BOSTON,8,72.3
MA,BOSTON,9,64.7
MA,BOSTON,10,54.1
MA,BOSTON,11,44.9
MA,BOSTON,12,34.8
MA,WORCESTER,1,23.6
MA,WORCESTER,2,26
MA,WORCESTER,3,34.3
MA,WORCESTER,4,45
MA,WORCESTER,5,56.3
MA,WORCESTER,6,64.7
MA,WORCESTER,7,70.1
MA,WORCESTER,8,68.3
MA,WORCESTER,9,60.2
MA,WORCESTER,10,49.6
MA,WORCESTER,11,39.6
MA,WORCESTER,12,28.9
MARSHALL IS,MAJURO,1,80.8
MARSHALL IS,MAJURO,2,81.1
MARSHALL IS,MAJURO,3,81.2
MARSHALL IS,MAJURO,4,81.1
MARSHALL IS,MAJURO,5,81.3
MARSHALL IS,MAJURO,6,81.2
MARSHALL IS,MAJURO,7,81.1
MARSHALL IS,MAJURO,8,81.4
MARSHALL IS,MAJURO,9,81.5
MARSHALL IS,MAJURO,10,81.5
MARSHALL IS,MAJURO,11,81.4
MARSHALL IS,MAJURO,12,80.9
MARSHALL IS.,KWAJALEIN,1,81.6
MARSHALL IS.,KWAJALEIN,2,81.8
MARSHALL IS.,KWAJALEIN,3,82.3
MARSHALL IS.,KWAJALEIN,4,82.2
MARSHALL IS.,KWAJALEIN,5,82.4
MARSHALL IS.,KWAJALEIN,6,82.2
MARSHALL IS.,KWAJALEIN,7,82.1
MARSHALL IS.,KWAJALEIN,8,82.3
MARSHALL IS.,KWAJALEIN,9,82.3
MARSHALL IS.,KWAJALEIN,10,82.4
MARSHALL IS.,KWAJALEIN,11,82.1
MARSHALL IS.,KWAJALEIN,12,81.9
MD,BALTIMORE,1,32.3
MD,BALTIMORE,2,35.5
MD,BALTIMORE,3,43.7
MD,BALTIMORE,4,53.2
MD,BALTIMORE,5,62.9
MD,BALTIMORE,6,71.8
MD,BALTIMORE,7,76.5
MD,BALTIMORE,8,74.5
MD,BALTIMORE,9,67.4
MD,BALTIMORE,10,55.4
MD,BALTIMORE,11,45.5
MD,BALTIMORE,12,36.7
ME,CARIBOU,1,9.5
ME,CARIBOU,2,13
ME,CARIBOU,3,24.6
ME,CARIBOU,4,38.1
ME,CARIBOU,5,51.6
ME,CARIBOU,6,60.8
ME,CARIBOU,7,65.6
ME,CARIBOU,8,63.4
ME,CARIBOU,9,53.8
ME,CARIBOU,10,42.8
ME,CARIBOU,11,30.6
ME,CARIBOU,12,16.4
ME,PORTLAND,1,21.7
ME,PORTLAND,2,24.8
ME,PORTLAND,3,33.7
ME,PORTLAND,4,43.7
ME,PORTLAND,5,53.8
ME,PORTLAND,6,62.9
ME,PORTLAND,7,68.7
ME,PORTLAND,8,67.2
ME,PORTLAND,9,58.7
ME,PORTLAND,10,47.7
ME,PORTLAND,11,38.3
ME,PORTLAND,12,27.6
MI,ALPENA,1,17.8
MI,ALPENA,2,19
MI,ALPENA,3,28
MI,ALPENA,4,40.3
MI,ALPENA,5,52.2
MI,ALPENA,6,61.3
MI,ALPENA,7,66.7
MI,ALPENA,8,64.5
MI,ALPENA,9,56.3
MI,ALPENA,10,45.6
MI,ALPENA,11,34.6
MI,ALPENA,12,24
MI,DETROIT,1,24.5
MI,DETROIT,2,27.2
MI,DETROIT,3,36.9
MI,DETROIT,4,48.1
MI,DETROIT,5,59.8
MI,DETROIT,6,69
MI,DETROIT,7,73.5
MI,DETROIT,8,71.8
MI,DETROIT,9,63.9
MI,DETROIT,10,51.9
MI,DETROIT,11,40.7
MI,DETROIT,12,29.6
MI,FLINT,1,21.3
MI,FLINT,2,23.8
MI,FLINT,3,33.7
MI,FLINT,4,45.4
MI,FLINT,5,57.1
MI,FLINT,6,66.2
MI,FLINT,7,70.6
MI,FLINT,8,68.5
MI,FLINT,9,60.7
MI,FLINT,10,49.2
MI,FLINT,11,38.1
MI,FLINT,12,26.7
MI,GRAND RAPIDS,1,22.4
MI,GRAND RAPIDS,2,25
MI,GRAND RAPIDS,3,34.6
MI,GRAND RAPIDS,4,46.3
MI,GRAND RAPIDS,5,58.1
MI,GRAND RAPIDS,6,67.1
MI,GRAND RAPIDS,7,71.4
MI,GRAND RAPIDS,8,69.4
MI,GRAND RAPIDS,9,61.3
MI,GRAND RAPIDS,10,49.9
MI,GRAND RAPIDS,11,38.4
MI,GRAND RAPIDS,12,27.6
MI,HOUGHTON LAKE,1,17.8
MI,HOUGHTON LAKE,2,19.9
MI,HOUGHTON LAKE,3,29.3
MI,HOUGHTON LAKE,4,41.8
MI,HOUGHTON LAKE,5,53.9
MI,HOUGHTON LAKE,6,62.2
MI,HOUGHTON LAKE,7,66.7
MI,HOUGHTON LAKE,8,64.6
MI,HOUGHTON LAKE,9,56.8
MI,HOUGHTON LAKE,10,46.1
MI,HOUGHTON LAKE,11,34.8
MI,HOUGHTON LAKE,12,23.7
MI,LANSING,1,21.6
MI,LANSING,2,24
MI,LANSING,3,33.9
MI,LANSING,4,45.5
MI,LANSING,5,57.1
MI,LANSING,6,66.2
MI,LANSING,7,70.3
MI,LANSING,8,68.4
MI,LANSING,9,60.5
MI,LANSING,10,49.2
MI,LANSING,11,38
MI,LANSING,12,26.9
MI,MARQUETTE,1,11.5
MI,MARQUETTE,2,14.8
MI,MARQUETTE,3,23.7
MI,MARQUETTE,4,36.4
MI,MARQUETTE,5,50.3
MI,MARQUETTE,6,59.3
MI,MARQUETTE,7,64.4
MI,MARQUETTE,8,62.3
MI,MARQUETTE,9,53.5
MI,MARQUETTE,10,42.5
MI,MARQUETTE,11,28.9
MI,MARQUETTE,12,17.2
MI,MUSKEGON,1,23.5
MI,MUSKEGON,2,25.4
MI,MUSKEGON,3,34
MI,MUSKEGON,4,44.9
MI,MUSKEGON,5,56.1
MI,MUSKEGON,6,64.9
MI,MUSKEGON,7,69.9
MI,MUSKEGON,8,68.5
MI,MUSKEGON,9,60.5
MI,MUSKEGON,10,49.7
MI,MUSKEGON,11,38.7
MI,MUSKEGON,12,28.6
MI,SAULT STE. MARIE,1,13.2
MI,SAULT STE. MARIE,2,15.6
MI,SAULT STE. MARIE,3,24.9
MI,SAULT STE. MARIE,4,38.4
MI,SAULT STE. MARIE,5,51.3
MI,SAULT STE. MARIE,6,58.6
MI,SAULT STE. MARIE,7,63.9
MI,SAULT STE. MARIE,8,63.3
MI,SAULT STE. MARIE,9,54.8
MI,SAULT STE. MARIE,10,44.4
MI,SAULT STE. MARIE,11,32.4
MI,SAULT STE. MARIE,12,20.2
MN,DULUTH,1,8.4
MN,DULUTH,2,14.8
MN,DULUTH,3,25.4
MN,DULUTH,4,39
MN,DULUTH,5,51.8
MN,DULUTH,6,59.9
MN,DULUTH,7,65.5
MN,DULUTH,8,63.7
MN,DULUTH,9,54.7
MN,DULUTH,10,43.5
MN,DULUTH,11,28
MN,DULUTH,12,14
MN,INTERNATIONAL FALLS,1,2.7
MN,INTERNATIONAL FALLS,2,10.9
MN,INTERNATIONAL FALLS,3,23.6
MN,INTERNATIONAL FALLS,4,39.3
MN,INTERNATIONAL FALLS,5,53.3
MN,INTERNATIONAL FALLS,6,61.6
MN,INTERNATIONAL FALLS,7,66.1
MN,INTERNATIONAL FALLS,8,63.8
MN,INTERNATIONAL FALLS,9,53.2
MN,INTERNATIONAL FALLS,10,41.6
MN,INTERNATIONAL FALLS,11,24.4
MN,INTERNATIONAL FALLS,12,8.5
MN,MINNEAPOLIS-ST.PAUL,1,13.1
MN,MINNEAPOLIS-ST.PAUL,2,20.1
MN,MINNEAPOLIS-ST.PAUL,3,32.1
MN,MINNEAPOLIS-ST.PAUL,4,46.6
MN,MINNEAPOLIS-ST.PAUL,5,59.3
MN,MINNEAPOLIS-ST.PAUL,6,68.4
MN,MINNEAPOLIS-ST.PAUL,7,73.2
MN,MINNEAPOLIS-ST.PAUL,8,70.6
MN,MINNEAPOLIS-ST.PAUL,9,61
MN,MINNEAPOLIS-ST.PAUL,10,48.7
MN,MINNEAPOLIS-ST.PAUL,11,32.5
MN,MINNEAPOLIS-ST.PAUL,12,18.7
MN,ROCHESTER,1,11.8
MN,ROCHESTER,2,18.4
MN,ROCHESTER,3,30.6
MN,ROCHESTER,4,44.7
MN,ROCHESTER,5,56.9
MN,ROCHESTER,6,66.1
MN,ROCHESTER,7,70.1
MN,ROCHESTER,8,67.7
MN,ROCHESTER,9,58.9
MN,ROCHESTER,10,47
MN,ROCHESTER,11,31.2
MN,ROCHESTER,12,17.3
MN,SAINT CLOUD,1,8.8
MN,SAINT CLOUD,2,16.1
MN,SAINT CLOUD,3,28.4
MN,SAINT CLOUD,4,43.6
MN,SAINT CLOUD,5,56.6
MN,SAINT CLOUD,6,65.1
MN,SAINT CLOUD,7,69.8
MN,SAINT CLOUD,8,67.2
MN,SAINT CLOUD,9,57.4
MN,SAINT CLOUD,10,45.3
MN,SAINT CLOUD,11,28.8
MN,SAINT CLOUD,12,14.4
MO,COLUMBIA,1,27.8
MO,COLUMBIA,2,33.7
MO,COLUMBIA,3,44
MO,COLUMBIA,4,54.4
MO,COLUMBIA,5,63.7
MO,COLUMBIA,6,72.7
MO,COLUMBIA,7,77.4
MO,COLUMBIA,8,75.7
MO,COLUMBIA,9,67.3
MO,COLUMBIA,10,56
MO,COLUMBIA,11,43.2
MO,COLUMBIA,12,32
MO,KANSAS CITY,1,26.9
MO,KANSAS CITY,2,33
MO,KANSAS CITY,3,43.8
MO,KANSAS CITY,4,54.4
MO,KANSAS CITY,5,64.3
MO,KANSAS CITY,6,73.6
MO,KANSAS CITY,7,78.5
MO,KANSAS CITY,8,76.6
MO,KANSAS CITY,9,68.1
MO,KANSAS CITY,10,56.8
MO,KANSAS CITY,11,42.7
MO,KANSAS CITY,12,31.3
MO,SPRINGFIELD,1,31.7
MO,SPRINGFIELD,2,37.1
MO,SPRINGFIELD,3,46.3
MO,SPRINGFIELD,4,55.6
MO,SPRINGFIELD,5,64.7
MO,SPRINGFIELD,6,73.4
MO,SPRINGFIELD,7,78.5
MO,SPRINGFIELD,8,77.6
MO,SPRINGFIELD,9,69.3
MO,SPRINGFIELD,10,58.4
MO,SPRINGFIELD,11,45.9
MO,SPRINGFIELD,12,35.7
MO,ST. LOUIS,1,29.6
MO,ST. LOUIS,2,35.4
MO,ST. LOUIS,3,45.8
MO,ST. LOUIS,4,56.6
MO,ST. LOUIS,5,66.5
MO,ST. LOUIS,6,75.6
MO,ST. LOUIS,7,80.2
MO,ST. LOUIS,8,78.2
MO,ST. LOUIS,9,70.2
MO,ST. LOUIS,10,58.3
MO,ST. LOUIS,11,45.3
MO,ST. LOUIS,12,33.9
MS,JACKSON,1,45
MS,JACKSON,2,49.2
MS,JACKSON,3,56.8
MS,JACKSON,4,63.4
MS,JACKSON,5,71.5
MS,JACKSON,6,78.5
MS,JACKSON,7,81.4
MS,JACKSON,8,80.9
MS,JACKSON,9,75.5
MS,JACKSON,10,64.4
MS,JACKSON,11,54.8
MS,JACKSON,12,47.6
MS,MERIDIAN,1,46.1
MS,MERIDIAN,2,50.2
MS,MERIDIAN,3,57.3
MS,MERIDIAN,4,63.8
MS,MERIDIAN,5,71.7
MS,MERIDIAN,6,78.5
MS,MERIDIAN,7,81.7
MS,MERIDIAN,8,81.4
MS,MERIDIAN,9,76.1
MS,MERIDIAN,10,64.8
MS,MERIDIAN,11,55.7
MS,MERIDIAN,12,48.9
MS,TUPELO,1,40.4
MS,TUPELO,2,44.8
MS,TUPELO,3,53.1
MS,TUPELO,4,60.9
MS,TUPELO,5,69.4
MS,TUPELO,6,76.9
MS,TUPELO,7,80.6
MS,TUPELO,8,79.6
MS,TUPELO,9,73.3
MS,TUPELO,10,61.9
MS,TUPELO,11,51.5
MS,TUPELO,12,43.4
MT,BILLINGS,1,24
MT,BILLINGS,2,29.8
MT,BILLINGS,3,37
MT,BILLINGS,4,46.1
MT,BILLINGS,5,55.7
MT,BILLINGS,6,65.2
MT,BILLINGS,7,72
MT,BILLINGS,8,70.9
MT,BILLINGS,9,59.5
MT,BILLINGS,10,48.1
MT,BILLINGS,11,34.1
MT,BILLINGS,12,26.1
MT,GLASGOW,1,10.8
MT,GLASGOW,2,19.1
MT,GLASGOW,3,30.9
MT,GLASGOW,4,44.5
MT,GLASGOW,5,55.5
MT,GLASGOW,6,64.4
MT,GLASGOW,7,70.2
MT,GLASGOW,8,69.5
MT,GLASGOW,9,57.3
MT,GLASGOW,10,45
MT,GLASGOW,11,27.9
MT,GLASGOW,12,15.6
MT,GREAT FALLS,1,21.7
MT,GREAT FALLS,2,26.4
MT,GREAT FALLS,3,33.4
MT,GREAT FALLS,4,42.6
MT,GREAT FALLS,5,51.5
MT,GREAT FALLS,6,60
MT,GREAT FALLS,7,66.2
MT,GREAT FALLS,8,65.6
MT,GREAT FALLS,9,55.4
MT,GREAT FALLS,10,45.5
MT,GREAT FALLS,11,32.3
MT,GREAT FALLS,12,24.3
MT,HELENA,1,20.2
MT,HELENA,2,26.4
MT,HELENA,3,35.1
MT,HELENA,4,44.1
MT,HELENA,5,52.9
MT,HELENA,6,61.2
MT,HELENA,7,67.8
MT,HELENA,8,66.7
MT,HELENA,9,56.1
MT,HELENA,10,44.8
MT,HELENA,11,30.9
MT,HELENA,12,21.4
MT,KALISPELL,1,21.4
MT,KALISPELL,2,26.8
MT,KALISPELL,3,34.9
MT,KALISPELL,4,43.4
MT,KALISPELL,5,51.3
MT,KALISPELL,6,57.7
MT,KALISPELL,7,63.5
MT,KALISPELL,8,63.2
MT,KALISPELL,9,53.1
MT,KALISPELL,10,41.9
MT,KALISPELL,11,30.9
MT,KALISPELL,12,23.1
MT,MISSOULA,1,23.5
MT,MISSOULA,2,29
MT,MISSOULA,3,37.6
MT,MISSOULA,4,45.2
MT,MISSOULA,5,52.7
MT,MISSOULA,6,60.2
MT,MISSOULA,7,66.9
MT,MISSOULA,8,66.3
MT,MISSOULA,9,56.1
MT,MISSOULA,10,44.4
MT,MISSOULA,11,32
MT,MISSOULA,12,23.4
NC,ASHEVILLE,1,35.8
NC,ASHEVILLE,2,39
NC,ASHEVILLE,3,46.3
NC,ASHEVILLE,4,54.1
NC,ASHEVILLE,5,62
NC,ASHEVILLE,6,69.2
NC,ASHEVILLE,7,73
NC,ASHEVILLE,8,71.8
NC,ASHEVILLE,9,65.7
NC,ASHEVILLE,10,55.2
NC,ASHEVILLE,11,46.4
NC,ASHEVILLE,12,39
NC,CAPE HATTERAS,1,46.1
NC,CAPE HATTERAS,2,46.8
NC,CAPE HATTERAS,3,52.4
NC,CAPE HATTERAS,4,59.8
NC,CAPE HATTERAS,5,67.6
NC,CAPE HATTERAS,6,74.8
NC,CAPE HATTERAS,7,79.2
NC,CAPE HATTERAS,8,78.6
NC,CAPE HATTERAS,9,74.8
NC,CAPE HATTERAS,10,65.7
NC,CAPE HATTERAS,11,57.6
NC,CAPE HATTERAS,12,50
NC,CHARLOTTE,1,41.7
NC,CHARLOTTE,2,45.2
NC,CHARLOTTE,3,52.8
NC,CHARLOTTE,4,60.9
NC,CHARLOTTE,5,69
NC,CHARLOTTE,6,76.5
NC,CHARLOTTE,7,80.3
NC,CHARLOTTE,8,78.9
NC,CHARLOTTE,9,72.7
NC,CHARLOTTE,10,61.7
NC,CHARLOTTE,11,52.3
NC,CHARLOTTE,12,44.4
NC,RALEIGH,1,39.7
NC,RALEIGH,2,43
NC,RALEIGH,3,50.7
NC,RALEIGH,4,59.1
NC,RALEIGH,5,67
NC,RALEIGH,6,74.7
NC,RALEIGH,7,78.8
NC,RALEIGH,8,77.2
NC,RALEIGH,9,71.2
NC,RALEIGH,10,60
NC,RALEIGH,11,51
NC,RALEIGH,12,43
NC,WILMINGTON,1,46.1
NC,WILMINGTON,2,48.5
NC,WILMINGTON,3,55
NC,WILMINGTON,4,62.7
NC,WILMINGTON,5,70.2
NC,WILMINGTON,6,77
NC,WILMINGTON,7,81.1
NC,WILMINGTON,8,79.7
NC,WILMINGTON,9,75
NC,WILMINGTON,10,64.8
NC,WILMINGTON,11,56.5
NC,WILMINGTON,12,48.9
ND,BISMARCK,1,10.2
ND,BISMARCK,2,18.1
ND,BISMARCK,3,29.7
ND,BISMARCK,4,43.3
ND,BISMARCK,5,56
ND,BISMARCK,6,64.7
ND,BISMARCK,7,70.4
ND,BISMARCK,8,69
ND,BISMARCK,9,57.7
ND,BISMARCK,10,45.2
ND,BISMARCK,11,28
ND,BISMARCK,12,15.2
ND,FARGO,1,6.8
ND,FARGO,2,14.1
ND,FARGO,3,27.2
ND,FARGO,4,43.5
ND,FARGO,5,57.4
ND,FARGO,6,66
ND,FARGO,7,70.6
ND,FARGO,8,69
ND,FARGO,9,58
ND,FARGO,10,45.3
ND,FARGO,11,27
ND,FARGO,12,12.5
ND,GRAND FORKS,1,5.3
ND,GRAND FORKS,2,13.1
ND,GRAND FORKS,3,25.7
ND,GRAND FORKS,4,42.3
ND,GRAND FORKS,5,56.8
ND,GRAND FORKS,6,65.2
ND,GRAND FORKS,7,69.4
ND,GRAND FORKS,8,67.8
ND,GRAND FORKS,9,57
ND,GRAND FORKS,10,44.3
ND,GRAND FORKS,11,25.8
ND,GRAND FORKS,12,11.3
ND,WILLISTON,1,8
ND,WILLISTON,2,16.8
ND,WILLISTON,3,28.7
ND,WILLISTON,4,42.5
ND,WILLISTON,5,54.6
ND,WILLISTON,6,63.7
ND,WILLISTON,7,69.3
ND,WILLISTON,8,68.3
ND,WILLISTON,9,56.1
ND,WILLISTON,10,43.6
ND,WILLISTON,11,25.6
ND,WILLISTON,12,13
NE,GRAND ISLAND,1,22.4
NE,GRAND ISLAND,2,28.2
NE,GRAND ISLAND,3,38.3
NE,GRAND ISLAND,4,49.9
NE,GRAND ISLAND,5,60.6
NE,GRAND ISLAND,6,71.1
NE,GRAND ISLAND,7,75.8
NE,GRAND ISLAND,8,73.6
NE,GRAND ISLAND,9,64.4
NE,GRAND ISLAND,10,52
NE,GRAND ISLAND,11,36.4
NE,GRAND ISLAND,12,25.6
NE,LINCOLN,1,22.4
NE,LINCOLN,2,28.3
NE,LINCOLN,3,39.4
NE,LINCOLN,4,51.2
NE,LINCOLN,5,62
NE,LINCOLN,6,72.7
NE,LINCOLN,7,77.8
NE,LINCOLN,8,75.4
NE,LINCOLN,9,66
NE,LINCOLN,10,53.5
NE,LINCOLN,11,38.1
NE,LINCOLN,12,26.5
NE,NORFOLK,1,20.4
NE,NORFOLK,2,26.4
NE,NORFOLK,3,37
NE,NORFOLK,4,49.1
NE,NORFOLK,5,60.3
NE,NORFOLK,6,70.1
NE,NORFOLK,7,74.8
NE,NORFOLK,8,72.7
NE,NORFOLK,9,63.4
NE,NORFOLK,10,51
NE,NORFOLK,11,35.1
NE,NORFOLK,12,23.7
NE,NORTH PLATTE,1,23.2
NE,NORTH PLATTE,2,29.4
NE,NORTH PLATTE,3,38
NE,NORTH PLATTE,4,48.1
NE,NORTH PLATTE,5,58.3
NE,NORTH PLATTE,6,68.4
NE,NORTH PLATTE,7,74.3
NE,NORTH PLATTE,8,72.6
NE,NORTH PLATTE,9,62.4
NE,NORTH PLATTE,10,49.7
NE,NORTH PLATTE,11,34.6
NE,NORTH PLATTE,12,25.7
NE,OMAHA (NORTH),1,22.4
NE,OMAHA (NORTH),2,28.5
NE,OMAHA (NORTH),3,39.8
NE,OMAHA (NORTH),4,52
NE,OMAHA (NORTH),5,62.3
NE,OMAHA (NORTH),6,71.5
NE,OMAHA (NORTH),7,75.6
NE,OMAHA (NORTH),8,74
NE,OMAHA (NORTH),9,65.7
NE,OMAHA (NORTH),10,53.9
NE,OMAHA (NORTH),11,38.4
NE,OMAHA (NORTH),12,26.2
NE,OMAHA EPPLEY AP,1,21.7
NE,OMAHA EPPLEY AP,2,28
NE,OMAHA EPPLEY AP,3,39.3
NE,OMAHA EPPLEY AP,4,51.4
NE,OMAHA EPPLEY AP,5,62.2
NE,OMAHA EPPLEY AP,6,72.2
NE,OMAHA EPPLEY AP,7,76.7
NE,OMAHA EPPLEY AP,8,74.5
NE,OMAHA EPPLEY AP,9,65.4
NE,OMAHA EPPLEY AP,10,53.2
NE,OMAHA EPPLEY AP,11,38
NE,OMAHA EPPLEY AP,12,25.6
NE,SCOTTSBLUFF,1,24.5
NE,SCOTTSBLUFF,2,30
NE,SCOTTSBLUFF,3,37.3
NE,SCOTTSBLUFF,4,46.2
NE,SCOTTSBLUFF,5,56.8
NE,SCOTTSBLUFF,6,67.2
NE,SCOTTSBLUFF,7,73
NE,SCOTTSBLUFF,8,70.9
NE,SCOTTSBLUFF,9,60.5
NE,SCOTTSBLUFF,10,47.8
NE,SCOTTSBLUFF,11,34
NE,SCOTTSBLUFF,12,25.7
NE,VALENTINE,1,20.8
NE,VALENTINE,2,26.6
NE,VALENTINE,3,35.3
NE,VALENTINE,4,46.1
NE,VALENTINE,5,57.5
NE,VALENTINE,6,67.6
NE,VALENTINE,7,73.7
NE,VALENTINE,8,72.1
NE,VALENTINE,9,61.5
NE,VALENTINE,10,48.3
NE,VALENTINE,11,33
NE,VALENTINE,12,23.6
NH,CONCORD,1,20.1
NH,CONCORD,2,23.3
NH,CONCORD,3,33.3
NH,CONCORD,4,44.6
NH,CONCORD,5,56
NH,CONCORD,6,64.9
NH,CONCORD,7,70
NH,CONCORD,8,68.2
NH,CONCORD,9,59.4
NH,CONCORD,10,47.8
NH,CONCORD,11,37.6
NH,CONCORD,12,25.9
NH,MT. WASHINGTON,1,5.2
NH,MT. WASHINGTON,2,6.6
NH,MT. WASHINGTON,3,13.6
NH,MT. WASHINGTON,4,22.9
NH,MT. WASHINGTON,5,35.6
NH,MT. WASHINGTON,6,44.4
NH,MT. WASHINGTON,7,48.7
NH,MT. WASHINGTON,8,47.6
NH,MT. WASHINGTON,9,40.4
NH,MT. WASHINGTON,10,30.2
NH,MT. WASHINGTON,11,20.6
NH,MT. WASHINGTON,12,10.1
NJ,ATLANTIC CITY AP,1,32.1
NJ,ATLANTIC CITY AP,2,34.2
NJ,ATLANTIC CITY AP,3,41.8
NJ,ATLANTIC CITY AP,4,50.6
NJ,ATLANTIC CITY AP,5,60.5
NJ,ATLANTIC CITY AP,6,69.7
NJ,ATLANTIC CITY AP,7,75.3
NJ,ATLANTIC CITY AP,8,73.5
NJ,ATLANTIC CITY AP,9,66.3
NJ,ATLANTIC CITY AP,10,55.1
NJ,ATLANTIC CITY AP,11,45.9
NJ,ATLANTIC CITY AP,12,36.8
NJ,NEWARK,1,31.3
NJ,NEWARK,2,33.8
NJ,NEWARK,3,42.2
NJ,NEWARK,4,52.3
NJ,NEWARK,5,62.7
NJ,NEWARK,6,71.9
NJ,NEWARK,7,77.2
NJ,NEWARK,8,75.5
NJ,NEWARK,9,67.8
NJ,NEWARK,10,56.4
NJ,NEWARK,11,46.4
NJ,NEWARK,12,36.4
NM,ALBUQUERQUE,1,35.7
NM,ALBUQUERQUE,2,41.4
NM,ALBUQUERQUE,3,48.1
NM,ALBUQUERQUE,4,55.6
NM,ALBUQUERQUE,5,64.7
NM,ALBUQUERQUE,6,74.8
NM,ALBUQUERQUE,7,78.5
NM,ALBUQUERQUE,8,76.1
NM,ALBUQUERQUE,9,69.1
NM,ALBUQUERQUE,10,57.3
NM,ALBUQUERQUE,11,44.4
NM,ALBUQUERQUE,12,36.1
NM,CLAYTON,1,33.9
NM,CLAYTON,2,37.6
NM,CLAYTON,3,43.7
NM,CLAYTON,4,51.7
NM,CLAYTON,5,60.5
NM,CLAYTON,6,69.9
NM,CLAYTON,7,73.8
NM,CLAYTON,8,72.2
NM,CLAYTON,9,64.7
NM,CLAYTON,10,54.6
NM,CLAYTON,11,42.2
NM,CLAYTON,12,34.8
NM,ROSWELL,1,40
NM,ROSWELL,2,45.7
NM,ROSWELL,3,52.9
NM,ROSWELL,4,60.5
NM,ROSWELL,5,69.6
NM,ROSWELL,6,78
NM,ROSWELL,7,80.8
NM,ROSWELL,8,78.9
NM,ROSWELL,9,72
NM,ROSWELL,10,61.4
NM,ROSWELL,11,48.9
NM,ROSWELL,12,40.7
NV,ELKO,1,25.6
NV,ELKO,2,31.3
NV,ELKO,3,38.6
NV,ELKO,4,44.6
NV,ELKO,5,52.7
NV,ELKO,6,61.7
NV,ELKO,7,69.1
NV,ELKO,8,67.6
NV,ELKO,9,58.2
NV,ELKO,10,46.7
NV,ELKO,11,34.5
NV,ELKO,12,26
NV,ELY,1,25.2
NV,ELY,2,29.8
NV,ELY,3,35.9
NV,ELY,4,42.2
NV,ELY,5,50.4
NV,ELY,6,59.9
NV,ELY,7,67.4
NV,ELY,8,65.8
NV,ELY,9,56.7
NV,ELY,10,45.4
NV,ELY,11,33.5
NV,ELY,12,25.8
NV,LAS VEGAS,1,47
NV,LAS VEGAS,2,52.2
NV,LAS VEGAS,3,58.3
NV,LAS VEGAS,4,66
NV,LAS VEGAS,5,75.4
NV,LAS VEGAS,6,85.6
NV,LAS VEGAS,7,91.2
NV,LAS VEGAS,8,89.3
NV,LAS VEGAS,9,81.3
NV,LAS VEGAS,10,68.7
NV,LAS VEGAS,11,55
NV,LAS VEGAS,12,47
NV,RENO,1,33.6
NV,RENO,2,38.5
NV,RENO,3,43.3
NV,RENO,4,48.6
NV,RENO,5,56.4
NV,RENO,6,64.7
NV,RENO,7,71.3
NV,RENO,8,69.9
NV,RENO,9,62.4
NV,RENO,10,52
NV,RENO,11,40.9
NV,RENO,12,33.6
NV,WINNEMUCCA,1,30.1
NV,WINNEMUCCA,2,36.1
NV,WINNEMUCCA,3,41.1
NV,WINNEMUCCA,4,46.7
NV,WINNEMUCCA,5,55.2
NV,WINNEMUCCA,6,64.3
NV,WINNEMUCCA,7,72
NV,WINNEMUCCA,8,69.9
NV,WINNEMUCCA,9,60.3
NV,WINNEMUCCA,10,48.8
NV,WINNEMUCCA,11,37.4
NV,WINNEMUCCA,12,29.6
NY,ALBANY,1,22.2
NY,ALBANY,2,25
NY,ALBANY,3,35
NY,ALBANY,4,46.6
NY,ALBANY,5,58.1
NY,ALBANY,6,66.3
NY,ALBANY,7,71.1
NY,ALBANY,8,69
NY,ALBANY,9,60.6
NY,ALBANY,10,49.3
NY,ALBANY,11,39.2
NY,ALBANY,12,28
NY,BINGHAMTON,1,21.7
NY,BINGHAMTON,2,23.8
NY,BINGHAMTON,3,32.7
NY,BINGHAMTON,4,44.1
NY,BINGHAMTON,5,55.9
NY,BINGHAMTON,6,63.9
NY,BINGHAMTON,7,68.7
NY,BINGHAMTON,8,66.6
NY,BINGHAMTON,9,58.8
NY,BINGHAMTON,10,48.1
NY,BINGHAMTON,11,37.6
NY,BINGHAMTON,12,27.1
NY,BUFFALO,1,24.5
NY,BUFFALO,2,25.9
NY,BUFFALO,3,34.3
NY,BUFFALO,4,45.3
NY,BUFFALO,5,57
NY,BUFFALO,6,65.8
NY,BUFFALO,7,70.8
NY,BUFFALO,8,69.1
NY,BUFFALO,9,61.5
NY,BUFFALO,10,50.7
NY,BUFFALO,11,40.2
NY,BUFFALO,12,29.8
NY,ISLIP,1,30.9
NY,ISLIP,2,32.4
NY,ISLIP,3,39.8
NY,ISLIP,4,49.1
NY,ISLIP,5,59.2
NY,ISLIP,6,68.5
NY,ISLIP,7,74.6
NY,ISLIP,8,73.1
NY,ISLIP,9,65.8
NY,ISLIP,10,54.3
NY,ISLIP,11,44.9
NY,ISLIP,12,35.7
NY,NEW YORK (JFK AP),1,31.8
NY,NEW YORK (JFK AP),2,33.5
NY,NEW YORK (JFK AP),3,40.9
NY,NEW YORK (JFK AP),4,50.1
NY,NEW YORK (JFK AP),5,59.7
NY,NEW YORK (JFK AP),6,68.8
NY,NEW YORK (JFK AP),7,74.8
NY,NEW YORK (JFK AP),8,74.1
NY,NEW YORK (JFK AP),9,67.2
NY,NEW YORK (JFK AP),10,56.5
NY,NEW YORK (JFK AP),11,46.8
NY,NEW YORK (JFK AP),12,37.2
NY,NEW YORK (LAGUARDIA AP),1,32.6
NY,NEW YORK (LAGUARDIA AP),2,34.8
NY,NEW YORK (LAGUARDIA AP),3,42.3
NY,NEW YORK (LAGUARDIA AP),4,52.2
NY,NEW YORK (LAGUARDIA AP),5,62.4
NY,NEW YORK (LAGUARDIA AP),6,71.5
NY,NEW YORK (LAGUARDIA AP),7,77.1
NY,NEW YORK (LAGUARDIA AP),8,75.9
NY,NEW YORK (LAGUARDIA AP),9,68.6
NY,NEW YORK (LAGUARDIA AP),10,57.7
NY,NEW YORK (LAGUARDIA AP),11,47.6
NY,NEW YORK (LAGUARDIA AP),12,37.9
NY,NEW YORK C.PARK,1,32.1
NY,NEW YORK C.PARK,2,34.6
NY,NEW YORK C.PARK,3,42.5
NY,NEW YORK C.PARK,4,52.5
NY,NEW YORK C.PARK,5,62.6
NY,NEW YORK C.PARK,6,71.2
NY,NEW YORK C.PARK,7,76.5
NY,NEW YORK C.PARK,8,75.1
NY,NEW YORK C.PARK,9,67.5
NY,NEW YORK C.PARK,10,56.6
NY,NEW YORK C.PARK,11,47.1
NY,NEW YORK C.PARK,12,37.3
NY,ROCHESTER,1,23.9
NY,ROCHESTER,2,25.3
NY,ROCHESTER,3,33.9
NY,ROCHESTER,4,45.3
NY,ROCHESTER,5,57
NY,ROCHESTER,6,65.8
NY,ROCHESTER,7,70.7
NY,ROCHESTER,8,68.9
NY,ROCHESTER,9,61.2
NY,ROCHESTER,10,50.4
NY,ROCHESTER,11,39.9
NY,ROCHESTER,12,29.4
NY,SYRACUSE,1,22.7
NY,SYRACUSE,2,24.5
NY,SYRACUSE,3,33.6
NY,SYRACUSE,4,45.3
NY,SYRACUSE,5,57.1
NY,SYRACUSE,6,65.8
NY,SYRACUSE,7,70.9
NY,SYRACUSE,8,69.2
NY,SYRACUSE,9,61.3
NY,SYRACUSE,10,50.1
NY,SYRACUSE,11,39.7
NY,SYRACUSE,12,28.6
OH,AKRON,1,25.2
OH,AKRON,2,28.3
OH,AKRON,3,37.7
OH,AKRON,4,48.1
OH,AKRON,5,58.8
OH,AKRON,6,67.5
OH,AKRON,7,71.8
OH,AKRON,8,70.3
OH,AKRON,9,63
OH,AKRON,10,51.6
OH,AKRON,11,41.1
OH,AKRON,12,30.7
OH,CLEVELAND,1,25.7
OH,CLEVELAND,2,28.4
OH,CLEVELAND,3,37.5
OH,CLEVELAND,4,47.6
OH,CLEVELAND,5,58.5
OH,CLEVELAND,6,67.5
OH,CLEVELAND,7,71.9
OH,CLEVELAND,8,70.2
OH,CLEVELAND,9,63.3
OH,CLEVELAND,10,52.2
OH,CLEVELAND,11,41.8
OH,CLEVELAND,12,31.1
OH,COLUMBUS,1,28.3
OH,COLUMBUS,2,32
OH,COLUMBUS,3,42
OH,COLUMBUS,4,52
OH,COLUMBUS,5,62.6
OH,COLUMBUS,6,71.2
OH,COLUMBUS,7,75.1
OH,COLUMBUS,8,73.5
OH,COLUMBUS,9,66.5
OH,COLUMBUS,10,54.7
OH,COLUMBUS,11,43.7
OH,COLUMBUS,12,33.5
OH,DAYTON,1,26.3
OH,DAYTON,2,30.3
OH,DAYTON,3,40.2
OH,DAYTON,4,50.6
OH,DAYTON,5,61.2
OH,DAYTON,6,70.2
OH,DAYTON,7,74.3
OH,DAYTON,8,72.3
OH,DAYTON,9,65.1
OH,DAYTON,10,53.5
OH,DAYTON,11,42.2
OH,DAYTON,12,31.4
OH,MANSFIELD,1,24.3
OH,MANSFIELD,2,27.3
OH,MANSFIELD,3,36.7
OH,MANSFIELD,4,47.2
OH,MANSFIELD,5,58
OH,MANSFIELD,6,66.8
OH,MANSFIELD,7,71
OH,MANSFIELD,8,69.3
OH,MANSFIELD,9,62.6
OH,MANSFIELD,10,51.5
OH,MANSFIELD,11,40.5
OH,MANSFIELD,12,29.6
OH,TOLEDO,1,23.9
OH,TOLEDO,2,27
OH,TOLEDO,3,37.2
OH,TOLEDO,4,48.3
OH,TOLEDO,5,59.6
OH,TOLEDO,6,68.8
OH,TOLEDO,7,73
OH,TOLEDO,8,70.8
OH,TOLEDO,9,63.5
OH,TOLEDO,10,51.8
OH,TOLEDO,11,40.5
OH,TOLEDO,12,29.2
OH,YOUNGSTOWN,1,24.9
OH,YOUNGSTOWN,2,27.7
OH,YOUNGSTOWN,3,36.7
OH,YOUNGSTOWN,4,47.4
OH,YOUNGSTOWN,5,57.6
OH,YOUNGSTOWN,6,65.9
OH,YOUNGSTOWN,7,69.9
OH,YOUNGSTOWN,8,68.4
OH,YOUNGSTOWN,9,61.5
OH,YOUNGSTOWN,10,50.8
OH,YOUNGSTOWN,11,40.7
OH,YOUNGSTOWN,12,30.4
OK,OKLAHOMA CITY,1,36.7
OK,OKLAHOMA CITY,2,42.3
OK,OKLAHOMA CITY,3,51
OK,OKLAHOMA CITY,4,59.7
OK,OKLAHOMA CITY,5,68.4
OK,OKLAHOMA CITY,6,76.8
OK,OKLAHOMA CITY,7,82
OK,OKLAHOMA CITY,8,81.2
OK,OKLAHOMA CITY,9,73.2
OK,OKLAHOMA CITY,10,62
OK,OKLAHOMA CITY,11,48.9
OK,OKLAHOMA CITY,12,39.5
OK,TULSA,1,36.4
OK,TULSA,2,42
OK,TULSA,3,51.4
OK,TULSA,4,60.8
OK,TULSA,5,69.3
OK,TULSA,6,78
OK,TULSA,7,83.5
OK,TULSA,8,82.2
OK,TULSA,9,73.5
OK,TULSA,10,62.6
OK,TULSA,11,49.7
OK,TULSA,12,39.7
OR,ASTORIA,1,42.4
OR,ASTORIA,2,44.2
OR,ASTORIA,3,46
OR,ASTORIA,4,48.5
OR,ASTORIA,5,52.7
OR,ASTORIA,6,56.7
OR,ASTORIA,7,60.1
OR,ASTORIA,8,60.8
OR,ASTORIA,9,58.5
OR,ASTORIA,10,52.6
OR,ASTORIA,11,46.6
OR,ASTORIA,12,42.8
OR,EUGENE,1,39.8
OR,EUGENE,2,42.8
OR,EUGENE,3,46.3
OR,EUGENE,4,49.8
OR,EUGENE,5,54.8
OR,EUGENE,6,60.2
OR,EUGENE,7,66.2
OR,EUGENE,8,66.4
OR,EUGENE,9,61.7
OR,EUGENE,10,52.6
OR,EUGENE,11,44.7
OR,EUGENE,12,39.5
OR,MEDFORD,1,39.1
OR,MEDFORD,2,43.5
OR,MEDFORD,3,47.1
OR,MEDFORD,4,51.6
OR,MEDFORD,5,58.1
OR,MEDFORD,6,65.6
OR,MEDFORD,7,72.7
OR,MEDFORD,8,72.5
OR,MEDFORD,9,65.9
OR,MEDFORD,10,55.1
OR,MEDFORD,11,43.9
OR,MEDFORD,12,38.1
OR,PENDLETON,1,33.8
OR,PENDLETON,2,38.7
OR,PENDLETON,3,45.1
OR,PENDLETON,4,51
OR,PENDLETON,5,58.1
OR,PENDLETON,6,65.4
OR,PENDLETON,7,72.6
OR,PENDLETON,8,72
OR,PENDLETON,9,63.4
OR,PENDLETON,10,52.3
OR,PENDLETON,11,41.2
OR,PENDLETON,12,33.9
OR,PORTLAND,1,39.9
OR,PORTLAND,2,43.1
OR,PORTLAND,3,47.2
OR,PORTLAND,4,51.2
OR,PORTLAND,5,57.1
OR,PORTLAND,6,62.7
OR,PORTLAND,7,68.1
OR,PORTLAND,8,68.5
OR,PORTLAND,9,63.6
OR,PORTLAND,10,54.3
OR,PORTLAND,11,45.8
OR,PORTLAND,12,40.2
OR,SALEM,1,40.3
OR,SALEM,2,43
OR,SALEM,3,46.5
OR,SALEM,4,50
OR,SALEM,5,55.6
OR,SALEM,6,61.2
OR,SALEM,7,66.8
OR,SALEM,8,67
OR,SALEM,9,62.2
OR,SALEM,10,52.9
OR,SALEM,11,45.2
OR,SALEM,12,40.2
OR,SEXTON SUMMIT,1,37.5
OR,SEXTON SUMMIT,2,38.6
OR,SEXTON SUMMIT,3,39.6
OR,SEXTON SUMMIT,4,43.4
OR,SEXTON SUMMIT,5,49.9
OR,SEXTON SUMMIT,6,56.5
OR,SEXTON SUMMIT,7,63.7
OR,SEXTON SUMMIT,8,64.2
OR,SEXTON SUMMIT,9,60.1
OR,SEXTON SUMMIT,10,51.3
OR,SEXTON SUMMIT,11,40.5
OR,SEXTON SUMMIT,12,37.3
PA,ALLENTOWN,1,27.1
PA,ALLENTOWN,2,29.9
PA,ALLENTOWN,3,38.8
PA,ALLENTOWN,4,49
PA,ALLENTOWN,5,59.6
PA,ALLENTOWN,6,68.5
PA,ALLENTOWN,7,73.3
PA,ALLENTOWN,8,71.2
PA,ALLENTOWN,9,63.4
PA,ALLENTOWN,10,52
PA,ALLENTOWN,11,42
PA,ALLENTOWN,12,32
PA,AVOCA,1,26.3
PA,AVOCA,2,28.9
PA,AVOCA,3,37.9
PA,AVOCA,4,48.7
PA,AVOCA,5,59.6
PA,AVOCA,6,67.5
PA,AVOCA,7,72.1
PA,AVOCA,8,70.3
PA,AVOCA,9,62.5
PA,AVOCA,10,51.5
PA,AVOCA,11,41.5
PA,AVOCA,12,31.4
PA,HARRISBURG,1,30.3
PA,HARRISBURG,2,32.8
PA,HARRISBURG,3,41.7
PA,HARRISBURG,4,52.1
PA,HARRISBURG,5,62
PA,HARRISBURG,6,70.7
PA,HARRISBURG,7,75.9
PA,HARRISBURG,8,74
PA,HARRISBURG,9,66.2
PA,HARRISBURG,10,54.5
PA,HARRISBURG,11,44.3
PA,HARRISBURG,12,34.8
PA,PHILADELPHIA,1,32.3
PA,PHILADELPHIA,2,34.8
PA,PHILADELPHIA,3,43.2
PA,PHILADELPHIA,4,53.1
PA,PHILADELPHIA,5,63.5
PA,PHILADELPHIA,6,72.3
PA,PHILADELPHIA,7,77.6
PA,PHILADELPHIA,8,76.3
PA,PHILADELPHIA,9,68.8
PA,PHILADELPHIA,10,57.2
PA,PHILADELPHIA,11,47.1
PA,PHILADELPHIA,12,37.4
PA,PITTSBURGH,1,27.5
PA,PITTSBURGH,2,30.5
PA,PITTSBURGH,3,39.8
PA,PITTSBURGH,4,49.9
PA,PITTSBURGH,5,60
PA,PITTSBURGH,6,68.4
PA,PITTSBURGH,7,72.6
PA,PITTSBURGH,8,71
PA,PITTSBURGH,9,64
PA,PITTSBURGH,10,52.5
PA,PITTSBURGH,11,42.3
PA,PITTSBURGH,12,32.5
PA,WILLIAMSPORT,1,25.5
PA,WILLIAMSPORT,2,28.5
PA,WILLIAMSPORT,3,38
PA,WILLIAMSPORT,4,49
PA,WILLIAMSPORT,5,59.5
PA,WILLIAMSPORT,6,67.8
PA,WILLIAMSPORT,7,72.4
PA,WILLIAMSPORT,8,70.9
PA,WILLIAMSPORT,9,63.1
PA,WILLIAMSPORT,10,51.3
PA,WILLIAMSPORT,11,40.8
PA,WILLIAMSPORT,12,30.7
PA.,ERIE,1,26.9
PA.,ERIE,2,28.2
PA.,ERIE,3,36.5
PA.,ERIE,4,46.8
PA.,ERIE,5,58.1
PA.,ERIE,6,67.4
PA.,ERIE,7,72.1
PA.,ERIE,8,70.9
PA.,ERIE,9,64
PA.,ERIE,10,53.3
PA.,ERIE,11,42.9
PA.,ERIE,12,32.7
PC,GUAM,1,77.6
PC,GUAM,2,77.6
PC,GUAM,3,78.4
PC,GUAM,4,79.5
PC,GUAM,5,80.3
PC,GUAM,6,80.5
PC,GUAM,7,79.8
PC,GUAM,8,79.5
PC,GUAM,9,79.7
PC,GUAM,10,79.5
PC,GUAM,11,79.6
PC,GUAM,12,78.9
PC,JOHNSTON ISLAND,1,77.5
PC,JOHNSTON ISLAND,2,77.7
PC,JOHNSTON ISLAND,3,77.9
PC,JOHNSTON ISLAND,4,78.7
PC,JOHNSTON ISLAND,5,79.8
PC,JOHNSTON ISLAND,6,81.2
PC,JOHNSTON ISLAND,7,82
PC,JOHNSTON ISLAND,8,82.6
PC,JOHNSTON ISLAND,9,82.5
PC,JOHNSTON ISLAND,10,81.9
PC,JOHNSTON ISLAND,11,79.9
PC,JOHNSTON ISLAND,12,78.3
PC,KOROR,1,81.4
PC,KOROR,2,81.2
PC,KOROR,3,81.8
PC,KOROR,4,82.3
PC,KOROR,5,82.6
PC,KOROR,6,81.8
PC,KOROR,7,81.4
PC,KOROR,8,81.6
PC,KOROR,9,82
PC,KOROR,10,82.1
PC,KOROR,11,82.5
PC,KOROR,12,82
PC,WAKE ISLAND,1,77.8
PC,WAKE ISLAND,2,77.3
PC,WAKE ISLAND,3,78.2
PC,WAKE ISLAND,4,79.2
PC,WAKE ISLAND,5,80.8
PC,WAKE ISLAND,6,82.6
PC,WAKE ISLAND,7,83.3
PC,WAKE ISLAND,8,83.3
PC,WAKE ISLAND,9,83.6
PC,WAKE ISLAND,10,82.6
PC,WAKE ISLAND,11,81
PC,WAKE ISLAN+B1214D,12,79.3
PR,SAN JUAN,1,76.6
PR,SAN JUAN,2,76.9
PR,SAN JUAN,3,77.6
PR,SAN JUAN,4,79.1
PR,SAN JUAN,5,80.6
PR,SAN JUAN,6,82.1
PR,SAN JUAN,7,82.2
PR,SAN JUAN,8,82.4
PR,SAN JUAN,9,82.2
PR,SAN JUAN,10,81.6
PR,SAN JUAN,11,79.6
PR,SAN JUAN,12,77.7
RI,PROVIDENCE,1,28.7
RI,PROVIDENCE,2,30.9
RI,PROVIDENCE,3,38.8
RI,PROVIDENCE,4,48.6
RI,PROVIDENCE,5,58.7
RI,PROVIDENCE,6,67.6
RI,PROVIDENCE,7,73.3
RI,PROVIDENCE,8,71.9
RI,PROVIDENCE,9,64
RI,PROVIDENCE,10,53
RI,PROVIDENCE,11,43.8
RI,PROVIDENCE,12,33.8
SC,COLUMBIA,1,44.6
SC,COLUMBIA,2,47.9
SC,COLUMBIA,3,55.4
SC,COLUMBIA,4,63.2
SC,COLUMBIA,5,71.6
SC,COLUMBIA,6,78.5
SC,COLUMBIA,7,82
SC,COLUMBIA,8,80.3
SC,COLUMBIA,9,74.7
SC,COLUMBIA,10,63.7
SC,COLUMBIA,11,54.7
SC,COLUMBIA,12,47
SC,GREENVILLE-SPARTANBURG AP,1,40.8
SC,GREENVILLE-SPARTANBURG AP,2,44.4
SC,GREENVILLE-SPARTANBURG AP,3,51.6
SC,GREENVILLE-SPARTANBURG AP,4,59
SC,GREENVILLE-SPARTANBURG AP,5,67.2
SC,GREENVILLE-SPARTANBURG AP,6,74.7
SC,GREENVILLE-SPARTANBURG AP,7,78.8
SC,GREENVILLE-SPARTANBURG AP,8,77.5
SC,GREENVILLE-SPARTANBURG AP,9,71.4
SC,GREENVILLE-SPARTANBURG AP,10,60.5
SC,GREENVILLE-SPARTANBURG AP,11,51.1
SC,GREENVILLE-SPARTANBURG AP,12,43.5
SD,ABERDEEN,1,11
SD,ABERDEEN,2,18.7
SD,ABERDEEN,3,30.7
SD,ABERDEEN,4,45.4
SD,ABERDEEN,5,57.9
SD,ABERDEEN,6,66.8
SD,ABERDEEN,7,72.2
SD,ABERDEEN,8,70.5
SD,ABERDEEN,9,59.8
SD,ABERDEEN,10,46.8
SD,ABERDEEN,11,29.3
SD,ABERDEEN,12,16
SD,HURON,1,14.2
SD,HURON,2,21
SD,HURON,3,32.6
SD,HURON,4,46.1
SD,HURON,5,58.2
SD,HURON,6,67.9
SD,HURON,7,73.4
SD,HURON,8,71.5
SD,HURON,9,61
SD,HURON,10,47.9
SD,HURON,11,31.3
SD,HURON,12,18.6
SD,RAPID CITY,1,22.4
SD,RAPID CITY,2,27.3
SD,RAPID CITY,3,34.9
SD,RAPID CITY,4,44.7
SD,RAPID CITY,5,55
SD,RAPID CITY,6,64.6
SD,RAPID CITY,7,71.7
SD,RAPID CITY,8,71.1
SD,RAPID CITY,9,60.6
SD,RAPID CITY,10,48.2
SD,RAPID CITY,11,33.4
SD,RAPID CITY,12,24.7
SD,SIOUX FALLS,1,14
SD,SIOUX FALLS,2,20.8
SD,SIOUX FALLS,3,32.6
SD,SIOUX FALLS,4,45.7
SD,SIOUX FALLS,5,57.8
SD,SIOUX FALLS,6,67.5
SD,SIOUX FALLS,7,73
SD,SIOUX FALLS,8,70.8
SD,SIOUX FALLS,9,60.9
SD,SIOUX FALLS,10,48
SD,SIOUX FALLS,11,31.3
SD,SIOUX FALLS,12,18.3
TN,CHATTANOOGA,1,39.4
TN,CHATTANOOGA,2,43.4
TN,CHATTANOOGA,3,51.4
TN,CHATTANOOGA,4,59.6
TN,CHATTANOOGA,5,67.7
TN,CHATTANOOGA,6,75.4
TN,CHATTANOOGA,7,79.6
TN,CHATTANOOGA,8,78.5
TN,CHATTANOOGA,9,72.1
TN,CHATTANOOGA,10,60.4
TN,CHATTANOOGA,11,50.3
TN,CHATTANOOGA,12,42.4
TN,KNOXVILLE,1,37.6
TN,KNOXVILLE,2,41.8
TN,KNOXVILLE,3,49.7
TN,KNOXVILLE,4,57.8
TN,KNOXVILLE,5,66
TN,KNOXVILLE,6,73.8
TN,KNOXVILLE,7,77.7
TN,KNOXVILLE,8,76.9
TN,KNOXVILLE,9,70.8
TN,KNOXVILLE,10,58.8
TN,KNOXVILLE,11,49
TN,KNOXVILLE,12,40.9
TN,MEMPHIS,1,39.9
TN,MEMPHIS,2,44.9
TN,MEMPHIS,3,53.5
TN,MEMPHIS,4,62.1
TN,MEMPHIS,5,70.6
TN,MEMPHIS,6,78.7
TN,MEMPHIS,7,82.5
TN,MEMPHIS,8,81.2
TN,MEMPHIS,9,74.8
TN,MEMPHIS,10,63.8
TN,MEMPHIS,11,52.3
TN,MEMPHIS,12,43.3
TN,NASHVILLE,1,36.8
TN,NASHVILLE,2,41.3
TN,NASHVILLE,3,50.1
TN,NASHVILLE,4,58.5
TN,NASHVILLE,5,67.1
TN,NASHVILLE,6,75.1
TN,NASHVILLE,7,79.1
TN,NASHVILLE,8,77.9
TN,NASHVILLE,9,71.3
TN,NASHVILLE,10,59.9
TN,NASHVILLE,11,49.3
TN,NASHVILLE,12,40.5
TX,ABILENE,1,43.5
TX,ABILENE,2,48.6
TX,ABILENE,3,56.4
TX,ABILENE,4,64.6
TX,ABILENE,5,72.8
TX,ABILENE,6,79.8
TX,ABILENE,7,83.5
TX,ABILENE,8,82.6
TX,ABILENE,9,75.5
TX,ABILENE,10,66
TX,ABILENE,11,53.7
TX,ABILENE,12,45.4
TX,AMARILLO,1,35.8
TX,AMARILLO,2,40.6
TX,AMARILLO,3,47.9
TX,AMARILLO,4,56.2
TX,AMARILLO,5,65.2
TX,AMARILLO,6,74.3
TX,AMARILLO,7,78.2
TX,AMARILLO,8,76.3
TX,AMARILLO,9,69.1
TX,AMARILLO,10,58.2
TX,AMARILLO,11,45.1
TX,AMARILLO,12,37
TX,AUSTIN/BERGSTROM,1,48.1
TX,AUSTIN/BERGSTROM,2,52.6
TX,AUSTIN/BERGSTROM,3,59.9
TX,AUSTIN/BERGSTROM,4,67.1
TX,AUSTIN/BERGSTROM,5,74.7
TX,AUSTIN/BERGSTROM,6,80.1
TX,AUSTIN/BERGSTROM,7,82.8
TX,AUSTIN/BERGSTROM,8,82.1
TX,AUSTIN/BERGSTROM,9,77.5
TX,AUSTIN/BERGSTROM,10,68.6
TX,AUSTIN/BERGSTROM,11,57.8
TX,AUSTIN/BERGSTROM,12,49.8
TX,AUSTIN/CITY,1,50.2
TX,AUSTIN/CITY,2,54.6
TX,AUSTIN/CITY,3,61.7
TX,AUSTIN/CITY,4,68.3
TX,AUSTIN/CITY,5,75.1
TX,AUSTIN/CITY,6,81
TX,AUSTIN/CITY,7,84.2
TX,AUSTIN/CITY,8,84.5
TX,AUSTIN/CITY,9,79.5
TX,AUSTIN/CITY,10,70.6
TX,AUSTIN/CITY,11,59.7
TX,AUSTIN/CITY,12,52.1
TX,BROWNSVILLE,1,59.6
TX,BROWNSVILLE,2,62.7
TX,BROWNSVILLE,3,68.8
TX,BROWNSVILLE,4,73.8
TX,BROWNSVILLE,5,79.3
TX,BROWNSVILLE,6,82.7
TX,BROWNSVILLE,7,83.9
TX,BROWNSVILLE,8,84
TX,BROWNSVILLE,9,81
TX,BROWNSVILLE,10,75
TX,BROWNSVILLE,11,67.7
TX,BROWNSVILLE,12,61.1
TX,CORPUS CHRISTI,1,56.1
TX,CORPUS CHRISTI,2,59.5
TX,CORPUS CHRISTI,3,66
TX,CORPUS CHRISTI,4,71.5
TX,CORPUS CHRISTI,5,77.5
TX,CORPUS CHRISTI,6,81.9
TX,CORPUS CHRISTI,7,83.8
TX,CORPUS CHRISTI,8,83.9
TX,CORPUS CHRISTI,9,80.8
TX,CORPUS CHRISTI,10,73.8
TX,CORPUS CHRISTI,11,65.1
TX,CORPUS CHRISTI,12,58.1
TX,DALLAS-FORT WORTH,1,44.1
TX,DALLAS-FORT WORTH,2,49.4
TX,DALLAS-FORT WORTH,3,57.4
TX,DALLAS-FORT WORTH,4,65
TX,DALLAS-FORT WORTH,5,73.1
TX,DALLAS-FORT WORTH,6,80.9
TX,DALLAS-FORT WORTH,7,85
TX,DALLAS-FORT WORTH,8,84.4
TX,DALLAS-FORT WORTH,9,77.5
TX,DALLAS-FORT WORTH,10,67.2
TX,DALLAS-FORT WORTH,11,55.1
TX,DALLAS-FORT WORTH,12,46.7
TX,DALLAS-LOVE FIELD,1,45.9
TX,DALLAS-LOVE FIELD,2,51
TX,DALLAS-LOVE FIELD,3,58.8
TX,DALLAS-LOVE FIELD,4,66.3
TX,DALLAS-LOVE FIELD,5,74.4
TX,DALLAS-LOVE FIELD,6,82.2
TX,DALLAS-LOVE FIELD,7,86.5
TX,DALLAS-LOVE FIELD,8,86.1
TX,DALLAS-LOVE FIELD,9,78.9
TX,DALLAS-LOVE FIELD,10,68.4
TX,DALLAS-LOVE FIELD,11,56.4
TX,DALLAS-LOVE FIELD,12,48
TX,DEL RIO,1,51.3
TX,DEL RIO,2,56.1
TX,DEL RIO,3,63.8
TX,DEL RIO,4,70.6
TX,DEL RIO,5,77.7
TX,DEL RIO,6,82.9
TX,DEL RIO,7,85.3
TX,DEL RIO,8,85.1
TX,DEL RIO,9,80
TX,DEL RIO,10,71.1
TX,DEL RIO,11,60.1
TX,DEL RIO,12,52.4
TX,EL PASO,1,45.1
TX,EL PASO,2,50.5
TX,EL PASO,3,57
TX,EL PASO,4,64.6
TX,EL PASO,5,73.7
TX,EL PASO,6,82.1
TX,EL PASO,7,83.3
TX,EL PASO,8,81.1
TX,EL PASO,9,75.4
TX,EL PASO,10,64.9
TX,EL PASO,11,52.7
TX,EL PASO,12,45.4
TX,GALVESTON,1,55.8
TX,GALVESTON,2,58
TX,GALVESTON,3,64.1
TX,GALVESTON,4,70
TX,GALVESTON,5,76.9
TX,GALVESTON,6,82.2
TX,GALVESTON,7,84.3
TX,GALVESTON,8,84.4
TX,GALVESTON,9,81.1
TX,GALVESTON,10,74.1
TX,GALVESTON,11,65.4
TX,GALVESTON,12,58.1
TX,HAVRE,1,14.6
TX,HAVRE,2,21.9
TX,HAVRE,3,32.5
TX,HAVRE,4,44.3
TX,HAVRE,5,54.5
TX,HAVRE,6,62.7
TX,HAVRE,7,68.3
TX,HAVRE,8,67.6
TX,HAVRE,9,56.3
TX,HAVRE,10,44.6
TX,HAVRE,11,29.1
TX,HAVRE,12,19
TX,HOUSTON,1,51.8
TX,HOUSTON,2,55.4
TX,HOUSTON,3,62.3
TX,HOUSTON,4,68.5
TX,HOUSTON,5,75.8
TX,HOUSTON,6,81.3
TX,HOUSTON,7,83.6
TX,HOUSTON,8,83.3
TX,HOUSTON,9,78.9
TX,HOUSTON,10,70.4
TX,HOUSTON,11,60.9
TX,HOUSTON,12,53.7
TX,LUBBOCK,1,38.1
TX,LUBBOCK,2,43.3
TX,LUBBOCK,3,51.2
TX,LUBBOCK,4,60
TX,LUBBOCK,5,69.2
TX,LUBBOCK,6,77.1
TX,LUBBOCK,7,79.8
TX,LUBBOCK,8,78
TX,LUBBOCK,9,70.9
TX,LUBBOCK,10,60.7
TX,LUBBOCK,11,48.1
TX,LUBBOCK,12,39.7
TX,MIDLAND-ODESSA,1,43.2
TX,MIDLAND-ODESSA,2,48.6
TX,MIDLAND-ODESSA,3,55.9
TX,MIDLAND-ODESSA,4,63.7
TX,MIDLAND-ODESSA,5,72.8
TX,MIDLAND-ODESSA,6,79.6
TX,MIDLAND-ODESSA,7,81.7
TX,MIDLAND-ODESSA,8,80.4
TX,MIDLAND-ODESSA,9,73.9
TX,MIDLAND-ODESSA,10,64.4
TX,MIDLAND-ODESSA,11,52.3
TX,MIDLAND-ODESSA,12,44.8
TX,PORT ARTHUR,1,52.2
TX,PORT ARTHUR,2,55.6
TX,PORT ARTHUR,3,62.2
TX,PORT ARTHUR,4,68.2
TX,PORT ARTHUR,5,75.4
TX,PORT ARTHUR,6,80.9
TX,PORT ARTHUR,7,82.7
TX,PORT ARTHUR,8,82.5
TX,PORT ARTHUR,9,78.7
TX,PORT ARTHUR,10,70.1
TX,PORT ARTHUR,11,60.9
TX,PORT ARTHUR,12,54.2
TX,SAN ANGELO,1,44.9
TX,SAN ANGELO,2,49.7
TX,SAN ANGELO,3,57.2
TX,SAN ANGELO,4,65
TX,SAN ANGELO,5,73.1
TX,SAN ANGELO,6,79.2
TX,SAN ANGELO,7,82.4
TX,SAN ANGELO,8,81.3
TX,SAN ANGELO,9,74.8
TX,SAN ANGELO,10,65.4
TX,SAN ANGELO,11,54
TX,SAN ANGELO,12,46.4
TX,SAN ANTONIO,1,50.3
TX,SAN ANTONIO,2,54.7
TX,SAN ANTONIO,3,62.1
TX,SAN ANTONIO,4,68.6
TX,SAN ANTONIO,5,75.8
TX,SAN ANTONIO,6,81.5
TX,SAN ANTONIO,7,84.3
TX,SAN ANTONIO,8,84.2
TX,SAN ANTONIO,9,79.4
TX,SAN ANTONIO,10,70.7
TX,SAN ANTONIO,11,60
TX,SAN ANTONIO,12,52.4
TX,VICTORIA,1,53.2
TX,VICTORIA,2,56.7
TX,VICTORIA,3,63.7
TX,VICTORIA,4,69.7
TX,VICTORIA,5,76.6
TX,VICTORIA,6,81.8
TX,VICTORIA,7,84.2
TX,VICTORIA,8,84.2
TX,VICTORIA,9,80.1
TX,VICTORIA,10,72.3
TX,VICTORIA,11,62.7
TX,VICTORIA,12,55.2
TX,WACO,1,46.1
TX,WACO,2,50.8
TX,WACO,3,58.5
TX,WACO,4,65.9
TX,WACO,5,74.1
TX,WACO,6,81.3
TX,WACO,7,85.4
TX,WACO,8,85.2
TX,WACO,9,78.6
TX,WACO,10,68.6
TX,WACO,11,56.8
TX,WACO,12,48.3
TX,WICHITA FALLS,1,40.5
TX,WICHITA FALLS,2,45.7
TX,WICHITA FALLS,3,54.2
TX,WICHITA FALLS,4,62.4
TX,WICHITA FALLS,5,71.4
TX,WICHITA FALLS,6,79.7
TX,WICHITA FALLS,7,84.8
TX,WICHITA FALLS,8,83.5
TX,WICHITA FALLS,9,75.6
TX,WICHITA FALLS,10,64.7
TX,WICHITA FALLS,11,51.9
TX,WICHITA FALLS,12,42.9
UT,MILFORD,1,28.1
UT,MILFORD,2,33.7
UT,MILFORD,3,41.6
UT,MILFORD,4,48.3
UT,MILFORD,5,56.6
UT,MILFORD,6,66.7
UT,MILFORD,7,74.2
UT,MILFORD,8,72.6
UT,MILFORD,9,63.1
UT,MILFORD,10,50.6
UT,MILFORD,11,37.6
UT,MILFORD,12,28.6
UT,SALT LAKE CITY,1,29.2
UT,SALT LAKE CITY,2,34.5
UT,SALT LAKE CITY,3,43.1
UT,SALT LAKE CITY,4,50
UT,SALT LAKE CITY,5,58.8
UT,SALT LAKE CITY,6,69
UT,SALT LAKE CITY,7,77
UT,SALT LAKE CITY,8,75.6
UT,SALT LAKE CITY,9,65
UT,SALT LAKE CITY,10,52.5
UT,SALT LAKE CITY,11,39.6
UT,SALT LAKE CITY,12,30.2
VA,LYNCHBURG,1,34.5
VA,LYNCHBURG,2,37.8
VA,LYNCHBURG,3,46
VA,LYNCHBURG,4,55.3
VA,LYNCHBURG,5,63.4
VA,LYNCHBURG,6,71
VA,LYNCHBURG,7,75.1
VA,LYNCHBURG,8,73.8
VA,LYNCHBURG,9,67.1
VA,LYNCHBURG,10,56.1
VA,LYNCHBURG,11,46.6
VA,LYNCHBURG,12,38.2
VA,NORFOLK,1,40.1
VA,NORFOLK,2,42
VA,NORFOLK,3,49
VA,NORFOLK,4,57.4
VA,NORFOLK,5,66.3
VA,NORFOLK,6,74.5
VA,NORFOLK,7,79.1
VA,NORFOLK,8,77.4
VA,NORFOLK,9,72.1
VA,NORFOLK,10,61.1
VA,NORFOLK,11,52.3
VA,NORFOLK,12,44.2
VA,RICHMOND,1,36.4
VA,RICHMOND,2,39.5
VA,RICHMOND,3,47.7
VA,RICHMOND,4,57.1
VA,RICHMOND,5,65.4
VA,RICHMOND,6,73.5
VA,RICHMOND,7,77.9
VA,RICHMOND,8,76.3
VA,RICHMOND,9,69.8
VA,RICHMOND,10,58.3
VA,RICHMOND,11,49
VA,RICHMOND,12,40.4
VA,ROANOKE,1,35.8
VA,ROANOKE,2,39.1
VA,ROANOKE,3,47.2
VA,ROANOKE,4,56.1
VA,ROANOKE,5,64.1
VA,ROANOKE,6,71.9
VA,ROANOKE,7,76.2
VA,ROANOKE,8,74.7
VA,ROANOKE,9,67.7
VA,ROANOKE,10,56.6
VA,ROANOKE,11,47.3
VA,ROANOKE,12,39.1
VT,BURLINGTON,1,18
VT,BURLINGTON,2,19.9
VT,BURLINGTON,3,30.7
VT,BURLINGTON,4,43.5
VT,BURLINGTON,5,56.5
VT,BURLINGTON,6,65.6
VT,BURLINGTON,7,70.6
VT,BURLINGTON,8,68.2
VT,BURLINGTON,9,59.4
VT,BURLINGTON,10,47.7
VT,BURLINGTON,11,37.1
VT,BURLINGTON,12,24.8
WA,OLYMPIA,1,38.1
WA,OLYMPIA,2,40.5
WA,OLYMPIA,3,43.6
WA,OLYMPIA,4,47.4
WA,OLYMPIA,5,53.3
WA,OLYMPIA,6,58.2
WA,OLYMPIA,7,62.8
WA,OLYMPIA,8,63.3
WA,OLYMPIA,9,58.3
WA,OLYMPIA,10,49.7
WA,OLYMPIA,11,42.4
WA,OLYMPIA,12,38
WA,QUILLAYUTE,1,40.6
WA,QUILLAYUTE,2,42.2
WA,QUILLAYUTE,3,43.8
WA,QUILLAYUTE,4,46.7
WA,QUILLAYUTE,5,51.2
WA,QUILLAYUTE,6,54.9
WA,QUILLAYUTE,7,58.6
WA,QUILLAYUTE,8,59.3
WA,QUILLAYUTE,9,56.5
WA,QUILLAYUTE,10,50.1
WA,QUILLAYUTE,11,44.2
WA,QUILLAYUTE,12,40.6
WA,SEATTLE C.O.,1,41.5
WA,SEATTLE C.O.,2,43.8
WA,SEATTLE C.O.,3,46.9
WA,SEATTLE C.O.,4,50.9
WA,SEATTLE C.O.,5,56.6
WA,SEATTLE C.O.,6,61.1
WA,SEATTLE C.O.,7,65.5
WA,SEATTLE C.O.,8,66
WA,SEATTLE C.O.,9,61.3
WA,SEATTLE C.O.,10,53.4
WA,SEATTLE C.O.,11,46
WA,SEATTLE C.O.,12,41.3
WA,SEATTLE SEA-TAC AP,1,40.9
WA,SEATTLE SEA-TAC AP,2,43.3
WA,SEATTLE SEA-TAC AP,3,46.2
WA,SEATTLE SEA-TAC AP,4,50.2
WA,SEATTLE SEA-TAC AP,5,55.8
WA,SEATTLE SEA-TAC AP,6,60.7
WA,SEATTLE SEA-TAC AP,7,65.3
WA,SEATTLE SEA-TAC AP,8,65.6
WA,SEATTLE SEA-TAC AP,9,61.1
WA,SEATTLE SEA-TAC AP,10,52.7
WA,SEATTLE SEA-TAC AP,11,45.2
WA,SEATTLE SEA-TAC AP,12,40.7
WA,SPOKANE,1,27.3
WA,SPOKANE,2,32.5
WA,SPOKANE,3,39.5
WA,SPOKANE,4,46.5
WA,SPOKANE,5,54.4
WA,SPOKANE,6,61.6
WA,SPOKANE,7,68.6
WA,SPOKANE,8,68.6
WA,SPOKANE,9,59.2
WA,SPOKANE,10,47.2
WA,SPOKANE,11,34.9
WA,SPOKANE,12,27.2
WA,YAKIMA,1,29.1
WA,YAKIMA,2,35.2
WA,YAKIMA,3,42.5
WA,YAKIMA,4,48.7
WA,YAKIMA,5,56.2
WA,YAKIMA,6,62.9
WA,YAKIMA,7,69.1
WA,YAKIMA,8,68.3
WA,YAKIMA,9,60
WA,YAKIMA,10,48.6
WA,YAKIMA,11,37
WA,YAKIMA,12,28.8
WI,GREEN BAY,1,15.6
WI,GREEN BAY,2,20.5
WI,GREEN BAY,3,31.3
WI,GREEN BAY,4,44.2
WI,GREEN BAY,5,56.4
WI,GREEN BAY,6,65.4
WI,GREEN BAY,7,69.9
WI,GREEN BAY,8,67.5
WI,GREEN BAY,9,58.8
WI,GREEN BAY,10,47.4
WI,GREEN BAY,11,34
WI,GREEN BAY,12,21.2
WI,LA CROSSE,1,15.9
WI,LA CROSSE,2,22.6
WI,LA CROSSE,3,34.6
WI,LA CROSSE,4,48.4
WI,LA CROSSE,5,60.6
WI,LA CROSSE,6,69.6
WI,LA CROSSE,7,74
WI,LA CROSSE,8,71.6
WI,LA CROSSE,9,62.7
WI,LA CROSSE,10,50.6
WI,LA CROSSE,11,35.5
WI,LA CROSSE,12,21.8
WI,MADISON,1,17.3
WI,MADISON,2,22.6
WI,MADISON,3,33.7
WI,MADISON,4,45.9
WI,MADISON,5,57.7
WI,MADISON,6,67
WI,MADISON,7,71.6
WI,MADISON,8,69.1
WI,MADISON,9,60.7
WI,MADISON,10,49.3
WI,MADISON,11,35.5
WI,MADISON,12,23
WI,MILWAUKEE,1,20.7
WI,MILWAUKEE,2,25.4
WI,MILWAUKEE,3,34.9
WI,MILWAUKEE,4,45.2
WI,MILWAUKEE,5,56.1
WI,MILWAUKEE,6,66.3
WI,MILWAUKEE,7,72
WI,MILWAUKEE,8,70.6
WI,MILWAUKEE,9,63
WI,MILWAUKEE,10,51.4
WI,MILWAUKEE,11,38.4
WI,MILWAUKEE,12,26.2
WV,BECKLEY,1,30.4
WV,BECKLEY,2,33.9
WV,BECKLEY,3,42.1
WV,BECKLEY,4,51.5
WV,BECKLEY,5,59.9
WV,BECKLEY,6,67
WV,BECKLEY,7,70.7
WV,BECKLEY,8,69.3
WV,BECKLEY,9,63.1
WV,BECKLEY,10,52.8
WV,BECKLEY,11,43.4
WV,BECKLEY,12,34.8
WV,CHARLESTON,1,33.4
WV,CHARLESTON,2,36.9
WV,CHARLESTON,3,45.3
WV,CHARLESTON,4,54.3
WV,CHARLESTON,5,62.4
WV,CHARLESTON,6,69.9
WV,CHARLESTON,7,73.9
WV,CHARLESTON,8,72.6
WV,CHARLESTON,9,66.2
WV,CHARLESTON,10,55.1
WV,CHARLESTON,11,45.9
WV,CHARLESTON,12,37.5
WV,ELKINS,1,28.6
WV,ELKINS,2,31.6
WV,ELKINS,3,40
WV,ELKINS,4,48.9
WV,ELKINS,5,57.9
WV,ELKINS,6,65.6
WV,ELKINS,7,69.6
WV,ELKINS,8,68.5
WV,ELKINS,9,62.1
WV,ELKINS,10,50.6
WV,ELKINS,11,41
WV,ELKINS,12,32.7
WV,HUNTINGTON,1,32.7
WV,HUNTINGTON,2,36.8
WV,HUNTINGTON,3,45.9
WV,HUNTINGTON,4,55.2
WV,HUNTINGTON,5,63.6
WV,HUNTINGTON,6,71.3
WV,HUNTINGTON,7,75.3
WV,HUNTINGTON,8,73.9
WV,HUNTINGTON,9,66.9
WV,HUNTINGTON,10,55.6
WV,HUNTINGTON,11,45.9
WV,HUNTINGTON,12,37.1
WY,CASPER,1,22.3
WY,CASPER,2,26.7
WY,CASPER,3,35
WY,CASPER,4,42.7
WY,CASPER,5,52.1
WY,CASPER,6,62.7
WY,CASPER,7,70
WY,CASPER,8,68.6
WY,CASPER,9,57.6
WY,CASPER,10,45.7
WY,CASPER,11,32
WY,CASPER,12,23.8
WY,CHEYENNE,1,25.9
WY,CHEYENNE,2,28.8
WY,CHEYENNE,3,34.2
WY,CHEYENNE,4,41.6
WY,CHEYENNE,5,51.3
WY,CHEYENNE,6,61.5
WY,CHEYENNE,7,67.7
WY,CHEYENNE,8,65.9
WY,CHEYENNE,9,56.6
WY,CHEYENNE,10,45.4
WY,CHEYENNE,11,33.3
WY,CHEYENNE,12,27.1
WY,LANDER,1,20.3
WY,LANDER,2,25.6
WY,LANDER,3,35.5
WY,LANDER,4,43.9
WY,LANDER,5,53.4
WY,LANDER,6,63.7
WY,LANDER,7,70.9
WY,LANDER,8,69.4
WY,LANDER,9,58.7
WY,LANDER,10,46.4
WY,LANDER,11,30.3
WY,LANDER,12,21.3
WY,SHERIDAN,1,21.3
WY,SHERIDAN,2,26.9
WY,SHERIDAN,3,35.3
WY,SHERIDAN,4,43.9
WY,SHERIDAN,5,52.5
WY,SHERIDAN,6,61.6
WY,SHERIDAN,7,68.8
WY,SHERIDAN,8,68.2
WY,SHERIDAN,9,57.1
WY,SHERIDAN,10,45.1
WY,SHERIDAN,11,31
WY,SHERIDAN,12,22.4
